Customer ID,Gender,Age,City,Membership Type,Total Spend,Items Purchased,Average Rating,Discount Applied,Days Since Last Purchase,Satisfaction Level,Avg Spend Per Item,Recent Buyer,High Spender,Satisfaction Encoded,Membership Encoded,Loyalty Score
101,Female,29,New York,Gold,1120.2,14,4.6,True,25,Satisfied,80.01428571428572,1,1,3,2.0,0.7412698412698413
102,Male,34,Los Angeles,Silver,780.5,11,4.1,False,18,Neutral,70.95454545454545,1,1,2,1.0,0.5857142857142857
103,Female,43,Chicago,Bronze,510.75,9,3.4,True,42,Unsatisfied,56.75,0,0,1,0.0,0.23333333333333334
104,Male,30,San Francisco,Gold,1480.3,19,4.7,False,12,Satisfied,77.91052631578947,1,1,3,2.0,0.8238095238095238
105,Male,27,Miami,Silver,720.4,13,4.0,True,55,Unsatisfied,55.41538461538461,0,0,1,1.0,0.2507936507936508
106,Female,37,Houston,Bronze,440.8,8,3.1,False,22,Neutral,55.1,1,0,2,0.0,0.46031746031746035
107,Female,31,New York,Gold,1150.6,15,4.5,True,28,Satisfied,76.70666666666666,1,1,3,2.0,0.7222222222222222
108,Male,35,Los Angeles,Silver,800.9,12,4.2,False,14,Neutral,66.74166666666666,1,1,2,1.0,0.611111111111111
109,Female,41,Chicago,Bronze,495.25,10,3.6,True,40,Unsatisfied,49.525,0,0,1,0.0,0.24603174603174605
110,Male,28,San Francisco,Gold,1520.1,21,4.8,False,9,Satisfied,72.38571428571429,1,1,3,2.0,0.8428571428571429
111,Male,32,Miami,Silver,690.3,11,3.8,True,34,Unsatisfied,62.75454545454545,0,0,1,1.0,0.3841269841269841
112,Female,36,Houston,Bronze,470.5,7,3.2,False,20,Neutral,67.21428571428571,1,0,2,0.0,0.473015873015873
113,Female,30,New York,Gold,1200.8,16,4.3,True,21,Satisfied,75.05,1,1,3,2.0,0.7666666666666666
114,Male,33,Los Angeles,Silver,820.75,13,4.4,False,15,Satisfied,63.13461538461539,1,1,3,1.0,0.7047619047619048
115,Female,42,Chicago,Bronze,530.4,9,3.5,True,38,Unsatisfied,58.93333333333333,0,0,1,0.0,0.25873015873015875
116,Male,29,San Francisco,Gold,1360.2,18,4.9,False,11,Satisfied,75.56666666666666,1,1,3,2.0,0.8301587301587301
117,Male,26,Miami,Silver,700.6,12,3.7,True,48,Unsatisfied,58.38333333333333,0,0,1,1.0,0.29523809523809524
118,Female,38,Houston,Bronze,450.9,8,3.0,False,25,Neutral,56.3625,1,0,2,0.0,0.44126984126984126
119,Female,32,New York,Gold,1170.3,14,4.7,True,29,Satisfied,83.59285714285714,1,1,3,2.0,0.7158730158730159
120,Male,34,Los Angeles,Silver,790.2,11,4.0,False,16,Neutral,71.83636363636364,1,1,2,1.0,0.5984126984126984
121,Female,43,Chicago,Bronze,505.75,10,3.3,True,41,Unsatisfied,50.575,0,0,1,0.0,0.23968253968253966
122,Male,30,San Francisco,Gold,1470.5,20,4.8,False,13,Satisfied,73.525,1,1,3,2.0,0.8174603174603174
123,Male,27,Miami,Silver,710.4,13,4.1,True,54,Unsatisfied,54.646153846153844,0,0,1,1.0,0.2571428571428571
124,Female,37,Houston,Bronze,430.8,7,3.4,False,23,Neutral,61.542857142857144,1,0,2,0.0,0.4539682539682539
125,Female,31,New York,Gold,1140.6,15,4.6,True,27,Satisfied,76.03999999999999,1,1,3,2.0,0.7285714285714285
126,Male,35,Los Angeles,Silver,810.9,12,4.3,False,13,Neutral,67.575,1,1,2,1.0,0.6174603174603175
127,Female,41,Chicago,Bronze,485.25,9,3.6,True,39,Unsatisfied,53.916666666666664,0,0,1,0.0,0.2523809523809524
128,Male,28,San Francisco,Gold,1500.1,21,4.9,False,10,Satisfied,71.43333333333332,1,1,3,2.0,0.8365079365079364
129,Male,32,Miami,Silver,670.3,10,3.8,True,33,Unsatisfied,67.03,0,0,1,1.0,0.3904761904761904
130,Female,36,Houston,Bronze,460.5,8,3.1,False,19,Neutral,57.5625,1,0,2,0.0,0.4793650793650793
131,Female,30,New York,Gold,1190.8,16,4.5,True,20,Satisfied,74.425,1,1,3,2.0,0.7730158730158729
132,Male,33,Los Angeles,Silver,830.75,13,4.2,False,14,Satisfied,63.90384615384615,1,1,3,1.0,0.7111111111111111
133,Female,42,Chicago,Bronze,520.4,9,3.5,True,37,Unsatisfied,57.82222222222222,0,0,1,0.0,0.2650793650793651
134,Male,29,San Francisco,Gold,1370.2,18,4.7,False,10,Satisfied,76.12222222222222,1,1,3,2.0,0.8365079365079364
135,Male,26,Miami,Silver,690.6,12,3.9,True,47,Unsatisfied,57.550000000000004,0,0,1,1.0,0.30158730158730157
136,Female,38,Houston,Bronze,440.9,8,3.2,False,24,Neutral,55.1125,1,0,2,0.0,0.4476190476190476
137,Female,32,New York,Gold,1160.3,14,4.4,True,22,Satisfied,82.87857142857142,1,1,3,2.0,0.7603174603174603
138,Male,34,Los Angeles,Silver,800.2,11,4.1,False,17,Neutral,72.74545454545455,1,1,2,1.0,0.5920634920634921
139,Female,43,Chicago,Bronze,500.75,10,3.3,True,40,Unsatisfied,50.075,0,0,1,0.0,0.24603174603174605
140,Male,30,San Francisco,Gold,1460.5,20,4.8,False,12,Satisfied,73.025,1,1,3,2.0,0.8238095238095238
141,Male,27,Miami,Silver,700.4,13,4.0,True,53,Unsatisfied,53.87692307692308,0,0,1,1.0,0.26349206349206344
142,Female,37,Houston,Bronze,420.8,7,3.1,False,21,Neutral,60.114285714285714,1,0,2,0.0,0.4666666666666667
143,Female,31,New York,Gold,1130.6,15,4.5,True,26,Satisfied,75.37333333333332,1,1,3,2.0,0.7349206349206349
144,Male,35,Los Angeles,Silver,820.9,12,4.3,False,12,Neutral,68.40833333333333,1,1,2,1.0,0.6238095238095238
145,Female,41,Chicago,Bronze,480.25,9,3.6,True,38,Unsatisfied,53.361111111111114,0,0,1,0.0,0.25873015873015875
146,Male,28,San Francisco,Gold,1490.1,21,4.9,False,9,Satisfied,70.95714285714286,1,1,3,2.0,0.8428571428571429
147,Male,32,Miami,Silver,680.3,10,3.8,True,32,Unsatisfied,68.03,0,0,1,1.0,0.3968253968253968
148,Female,36,Houston,Bronze,470.5,8,3.0,False,18,Neutral,58.8125,1,0,2,0.0,0.48571428571428577
149,Female,30,New York,Gold,1180.8,16,4.7,True,19,Satisfied,73.8,1,1,3,2.0,0.7793650793650793
150,Male,34,Los Angeles,Silver,790.2,11,4.0,False,15,Neutral,71.83636363636364,1,1,2,1.0,0.6047619047619047
151,Female,43,Chicago,Bronze,505.75,10,3.3,True,39,Unsatisfied,50.575,0,0,1,0.0,0.2523809523809524
152,Male,30,San Francisco,Gold,1470.5,20,4.8,False,13,Satisfied,73.525,1,1,3,2.0,0.8174603174603174
153,Male,27,Miami,Silver,710.4,13,4.1,True,54,Unsatisfied,54.646153846153844,0,0,1,1.0,0.2571428571428571
154,Female,37,Houston,Bronze,430.8,7,3.4,False,23,Neutral,61.542857142857144,1,0,2,0.0,0.4539682539682539
155,Female,31,New York,Gold,1140.6,15,4.6,True,27,Satisfied,76.03999999999999,1,1,3,2.0,0.7285714285714285
156,Male,35,Los Angeles,Silver,810.9,12,4.3,False,13,Neutral,67.575,1,1,2,1.0,0.6174603174603175
157,Female,41,Chicago,Bronze,485.25,9,3.6,True,39,Unsatisfied,53.916666666666664,0,0,1,0.0,0.2523809523809524
158,Male,28,San Francisco,Gold,1500.1,21,4.9,False,10,Satisfied,71.43333333333332,1,1,3,2.0,0.8365079365079364
159,Male,32,Miami,Silver,670.3,10,3.8,True,33,Unsatisfied,67.03,0,0,1,1.0,0.3904761904761904
160,Female,36,Houston,Bronze,460.5,8,3.1,False,19,Neutral,57.5625,1,0,2,0.0,0.4793650793650793
161,Female,30,New York,Gold,1190.8,16,4.5,True,20,Satisfied,74.425,1,1,3,2.0,0.7730158730158729
162,Male,33,Los Angeles,Silver,830.75,13,4.2,False,14,Satisfied,63.90384615384615,1,1,3,1.0,0.7111111111111111
163,Female,42,Chicago,Bronze,520.4,9,3.5,True,37,Unsatisfied,57.82222222222222,0,0,1,0.0,0.2650793650793651
164,Male,29,San Francisco,Gold,1370.2,18,4.7,False,10,Satisfied,76.12222222222222,1,1,3,2.0,0.8365079365079364
165,Male,26,Miami,Silver,690.6,12,3.9,True,47,Unsatisfied,57.550000000000004,0,0,1,1.0,0.30158730158730157
166,Female,38,Houston,Bronze,440.9,8,3.2,False,24,Neutral,55.1125,1,0,2,0.0,0.4476190476190476
167,Female,32,New York,Gold,1160.3,14,4.4,True,22,Satisfied,82.87857142857142,1,1,3,2.0,0.7603174603174603
168,Male,34,Los Angeles,Silver,800.2,11,4.1,False,17,Neutral,72.74545454545455,1,1,2,1.0,0.5920634920634921
169,Female,43,Chicago,Bronze,500.75,10,3.3,True,40,Unsatisfied,50.075,0,0,1,0.0,0.24603174603174605
170,Male,30,San Francisco,Gold,1460.5,20,4.8,False,12,Satisfied,73.025,1,1,3,2.0,0.8238095238095238
171,Male,27,Miami,Silver,700.4,13,4.0,True,53,Unsatisfied,53.87692307692308,0,0,1,1.0,0.26349206349206344
172,Female,37,Houston,Bronze,420.8,7,3.1,False,21,Neutral,60.114285714285714,1,0,2,0.0,0.4666666666666667
173,Female,31,New York,Gold,1130.6,15,4.5,True,26,Satisfied,75.37333333333332,1,1,3,2.0,0.7349206349206349
174,Male,35,Los Angeles,Silver,820.9,12,4.3,False,12,Neutral,68.40833333333333,1,1,2,1.0,0.6238095238095238
175,Female,41,Chicago,Bronze,480.25,9,3.6,True,38,Unsatisfied,53.361111111111114,0,0,1,0.0,0.25873015873015875
176,Male,28,San Francisco,Gold,1490.1,21,4.9,False,9,Satisfied,70.95714285714286,1,1,3,2.0,0.8428571428571429
177,Male,32,Miami,Silver,680.3,10,3.8,True,32,Unsatisfied,68.03,0,0,1,1.0,0.3968253968253968
178,Female,36,Houston,Bronze,470.5,8,3.0,False,18,Neutral,58.8125,1,0,2,0.0,0.48571428571428577
179,Female,30,New York,Gold,1180.8,16,4.7,True,19,Satisfied,73.8,1,1,3,2.0,0.7793650793650793
180,Male,34,Los Angeles,Silver,790.2,11,4.0,False,15,Neutral,71.83636363636364,1,1,2,1.0,0.6047619047619047
181,Female,43,Chicago,Bronze,505.75,10,3.3,True,39,Unsatisfied,50.575,0,0,1,0.0,0.2523809523809524
182,Male,30,San Francisco,Gold,1470.5,20,4.8,False,13,Satisfied,73.525,1,1,3,2.0,0.8174603174603174
183,Male,27,Miami,Silver,710.4,13,4.1,True,54,Unsatisfied,54.646153846153844,0,0,1,1.0,0.2571428571428571
184,Female,37,Houston,Bronze,430.8,7,3.4,False,23,Neutral,61.542857142857144,1,0,2,0.0,0.4539682539682539
185,Female,31,New York,Gold,1140.6,15,4.6,True,27,Satisfied,76.03999999999999,1,1,3,2.0,0.7285714285714285
186,Male,35,Los Angeles,Silver,810.9,12,4.3,False,13,Neutral,67.575,1,1,2,1.0,0.6174603174603175
187,Female,41,Chicago,Bronze,485.25,9,3.6,True,39,Unsatisfied,53.916666666666664,0,0,1,0.0,0.2523809523809524
188,Male,28,San Francisco,Gold,1500.1,21,4.9,False,10,Satisfied,71.43333333333332,1,1,3,2.0,0.8365079365079364
189,Male,32,Miami,Silver,670.3,10,3.8,True,33,Unsatisfied,67.03,0,0,1,1.0,0.3904761904761904
190,Female,36,Houston,Bronze,460.5,8,3.1,False,19,Neutral,57.5625,1,0,2,0.0,0.4793650793650793
191,Female,30,New York,Gold,1190.8,16,4.5,True,20,Satisfied,74.425,1,1,3,2.0,0.7730158730158729
192,Male,33,Los Angeles,Silver,830.75,13,4.2,False,14,Satisfied,63.90384615384615,1,1,3,1.0,0.7111111111111111
193,Female,42,Chicago,Bronze,520.4,9,3.5,True,37,Unsatisfied,57.82222222222222,0,0,1,0.0,0.2650793650793651
194,Male,29,San Francisco,Gold,1370.2,18,4.7,False,10,Satisfied,76.12222222222222,1,1,3,2.0,0.8365079365079364
195,Male,26,Miami,Silver,690.6,12,3.9,True,47,Unsatisfied,57.550000000000004,0,0,1,1.0,0.30158730158730157
196,Female,38,Houston,Bronze,440.9,8,3.2,False,24,Neutral,55.1125,1,0,2,0.0,0.4476190476190476
197,Female,32,New York,Gold,1160.3,14,4.4,True,22,Satisfied,82.87857142857142,1,1,3,2.0,0.7603174603174603
198,Male,34,Los Angeles,Silver,800.2,11,4.1,False,17,Neutral,72.74545454545455,1,1,2,1.0,0.5920634920634921
199,Female,43,Chicago,Bronze,500.75,10,3.3,True,40,Unsatisfied,50.075,0,0,1,0.0,0.24603174603174605
200,Male,30,San Francisco,Gold,1460.5,20,4.8,False,12,Satisfied,73.025,1,1,3,2.0,0.8238095238095238
201,Male,27,Miami,Silver,700.4,13,4.0,True,53,Unsatisfied,53.87692307692308,0,0,1,1.0,0.26349206349206344
202,Female,37,Houston,Bronze,420.8,7,3.1,False,21,Neutral,60.114285714285714,1,0,2,0.0,0.4666666666666667
203,Female,31,New York,Gold,1130.6,15,4.5,True,26,Satisfied,75.37333333333332,1,1,3,2.0,0.7349206349206349
204,Male,35,Los Angeles,Silver,820.9,12,4.3,False,12,Neutral,68.40833333333333,1,1,2,1.0,0.6238095238095238
205,Female,41,Chicago,Bronze,480.25,9,3.6,True,38,Unsatisfied,53.361111111111114,0,0,1,0.0,0.25873015873015875
206,Male,28,San Francisco,Gold,1490.1,21,4.9,False,9,Satisfied,70.95714285714286,1,1,3,2.0,0.8428571428571429
207,Male,32,Miami,Silver,680.3,10,3.8,True,32,Unsatisfied,68.03,0,0,1,1.0,0.3968253968253968
208,Female,36,Houston,Bronze,470.5,8,3.0,False,18,Neutral,58.8125,1,0,2,0.0,0.48571428571428577
209,Female,30,New York,Gold,1180.8,16,4.7,True,19,Satisfied,73.8,1,1,3,2.0,0.7793650793650793
210,Male,34,Los Angeles,Silver,790.2,11,4.0,False,15,Neutral,71.83636363636364,1,1,2,1.0,0.6047619047619047
211,Female,43,Chicago,Bronze,505.75,10,3.3,True,39,Unsatisfied,50.575,0,0,1,0.0,0.2523809523809524
212,Male,30,San Francisco,Gold,1470.5,20,4.8,False,13,Satisfied,73.525,1,1,3,2.0,0.8174603174603174
213,Male,27,Miami,Silver,710.4,13,4.1,True,54,Unsatisfied,54.646153846153844,0,0,1,1.0,0.2571428571428571
214,Female,37,Houston,Bronze,430.8,7,3.4,False,23,Neutral,61.542857142857144,1,0,2,0.0,0.4539682539682539
215,Female,31,New York,Gold,1140.6,15,4.6,True,27,Satisfied,76.03999999999999,1,1,3,2.0,0.7285714285714285
216,Male,35,Los Angeles,Silver,810.9,12,4.3,False,13,Neutral,67.575,1,1,2,1.0,0.6174603174603175
217,Female,41,Chicago,Bronze,485.25,9,3.6,True,39,Unsatisfied,53.916666666666664,0,0,1,0.0,0.2523809523809524
218,Male,28,San Francisco,Gold,1500.1,21,4.9,False,10,Satisfied,71.43333333333332,1,1,3,2.0,0.8365079365079364
219,Male,32,Miami,Silver,670.3,10,3.8,True,33,Unsatisfied,67.03,0,0,1,1.0,0.3904761904761904
220,Female,36,Houston,Bronze,460.5,8,3.1,False,19,Neutral,57.5625,1,0,2,0.0,0.4793650793650793
221,Female,30,New York,Gold,1190.8,16,4.5,True,20,Satisfied,74.425,1,1,3,2.0,0.7730158730158729
222,Male,33,Los Angeles,Silver,830.75,13,4.2,False,14,Satisfied,63.90384615384615,1,1,3,1.0,0.7111111111111111
223,Female,42,Chicago,Bronze,520.4,9,3.5,True,37,Unsatisfied,57.82222222222222,0,0,1,0.0,0.2650793650793651
224,Male,29,San Francisco,Gold,1370.2,18,4.7,False,10,Satisfied,76.12222222222222,1,1,3,2.0,0.8365079365079364
225,Male,26,Miami,Silver,690.6,12,3.9,True,47,Unsatisfied,57.550000000000004,0,0,1,1.0,0.30158730158730157
226,Female,38,Houston,Bronze,440.9,8,3.2,False,24,Neutral,55.1125,1,0,2,0.0,0.4476190476190476
227,Female,32,New York,Gold,1160.3,14,4.4,True,22,Satisfied,82.87857142857142,1,1,3,2.0,0.7603174603174603
228,Male,34,Los Angeles,Silver,800.2,11,4.1,False,17,Neutral,72.74545454545455,1,1,2,1.0,0.5920634920634921
229,Female,43,Chicago,Bronze,500.75,10,3.3,True,40,Unsatisfied,50.075,0,0,1,0.0,0.24603174603174605
230,Male,30,San Francisco,Gold,1460.5,20,4.8,False,12,Satisfied,73.025,1,1,3,2.0,0.8238095238095238
231,Male,27,Miami,Silver,700.4,13,4.0,True,53,Unsatisfied,53.87692307692308,0,0,1,1.0,0.26349206349206344
232,Female,37,Houston,Bronze,420.8,7,3.1,False,21,Neutral,60.114285714285714,1,0,2,0.0,0.4666666666666667
233,Female,31,New York,Gold,1130.6,15,4.5,True,26,Satisfied,75.37333333333332,1,1,3,2.0,0.7349206349206349
234,Male,35,Los Angeles,Silver,820.9,12,4.3,False,12,Neutral,68.40833333333333,1,1,2,1.0,0.6238095238095238
235,Female,41,Chicago,Bronze,480.25,9,3.6,True,38,Unsatisfied,53.361111111111114,0,0,1,0.0,0.25873015873015875
236,Male,28,San Francisco,Gold,1490.1,21,4.9,False,9,Satisfied,70.95714285714286,1,1,3,2.0,0.8428571428571429
237,Male,32,Miami,Silver,680.3,10,3.8,True,32,Unsatisfied,68.03,0,0,1,1.0,0.3968253968253968
238,Female,36,Houston,Bronze,470.5,8,3.0,False,18,Neutral,58.8125,1,0,2,0.0,0.48571428571428577
239,Female,30,New York,Gold,1180.8,16,4.7,True,19,Satisfied,73.8,1,1,3,2.0,0.7793650793650793
240,Male,34,Los Angeles,Silver,790.2,11,4.0,False,15,Neutral,71.83636363636364,1,1,2,1.0,0.6047619047619047
241,Female,43,Chicago,Bronze,505.75,10,3.3,True,39,Unsatisfied,50.575,0,0,1,0.0,0.2523809523809524
242,Male,30,San Francisco,Gold,1470.5,20,4.8,False,13,Satisfied,73.525,1,1,3,2.0,0.8174603174603174
243,Male,27,Miami,Silver,710.4,13,4.1,True,54,Unsatisfied,54.646153846153844,0,0,1,1.0,0.2571428571428571
244,Female,37,Houston,Bronze,430.8,7,3.4,False,23,Neutral,61.542857142857144,1,0,2,0.0,0.4539682539682539
245,Female,31,New York,Gold,1130.6,15,4.5,True,26,Satisfied,75.37333333333332,1,1,3,2.0,0.7349206349206349
246,Male,35,Los Angeles,Silver,820.9,12,4.3,False,12,Neutral,68.40833333333333,1,1,2,1.0,0.6238095238095238
247,Female,41,Chicago,Bronze,480.25,9,3.6,True,38,Unsatisfied,53.361111111111114,0,0,1,0.0,0.25873015873015875
248,Male,28,San Francisco,Gold,1490.1,21,4.9,False,9,Satisfied,70.95714285714286,1,1,3,2.0,0.8428571428571429
249,Male,32,Miami,Silver,680.3,10,3.8,True,32,Unsatisfied,68.03,0,0,1,1.0,0.3968253968253968
250,Female,36,Houston,Bronze,470.5,8,3.0,False,18,Neutral,58.8125,1,0,2,0.0,0.48571428571428577
251,Female,30,New York,Gold,1180.8,16,4.7,True,19,Satisfied,73.8,1,1,3,2.0,0.7793650793650793
252,Male,34,Los Angeles,Silver,790.2,11,4.0,False,15,Neutral,71.83636363636364,1,1,2,1.0,0.6047619047619047
253,Female,43,Chicago,Bronze,505.75,10,3.3,True,39,Unsatisfied,50.575,0,0,1,0.0,0.2523809523809524
254,Male,30,San Francisco,Gold,1470.5,20,4.8,False,13,Satisfied,73.525,1,1,3,2.0,0.8174603174603174
255,Male,27,Miami,Silver,710.4,13,4.1,True,54,Unsatisfied,54.646153846153844,0,0,1,1.0,0.2571428571428571
256,Female,37,Houston,Bronze,430.8,7,3.4,False,23,Neutral,61.542857142857144,1,0,2,0.0,0.4539682539682539
257,Female,31,New York,Gold,1140.6,15,4.6,True,27,Satisfied,76.03999999999999,1,1,3,2.0,0.7285714285714285
258,Male,35,Los Angeles,Silver,810.9,12,4.3,False,13,Neutral,67.575,1,1,2,1.0,0.6174603174603175
259,Female,41,Chicago,Bronze,485.25,9,3.6,True,39,Unsatisfied,53.916666666666664,0,0,1,0.0,0.2523809523809524
260,Male,28,San Francisco,Gold,1500.1,21,4.9,False,10,Satisfied,71.43333333333332,1,1,3,2.0,0.8365079365079364
261,Male,32,Miami,Silver,670.3,10,3.8,True,33,Unsatisfied,67.03,0,0,1,1.0,0.3904761904761904
262,Female,36,Houston,Bronze,460.5,8,3.1,False,19,Neutral,57.5625,1,0,2,0.0,0.4793650793650793
263,Female,30,New York,Gold,1190.8,16,4.5,True,20,Satisfied,74.425,1,1,3,2.0,0.7730158730158729
264,Male,33,Los Angeles,Silver,830.75,13,4.2,False,14,Satisfied,63.90384615384615,1,1,3,1.0,0.7111111111111111
265,Female,42,Chicago,Bronze,520.4,9,3.5,True,37,Unsatisfied,57.82222222222222,0,0,1,0.0,0.2650793650793651
266,Male,29,San Francisco,Gold,1370.2,18,4.7,False,10,Satisfied,76.12222222222222,1,1,3,2.0,0.8365079365079364
267,Male,26,Miami,Silver,690.6,12,3.9,True,47,Unsatisfied,57.550000000000004,0,0,1,1.0,0.30158730158730157
268,Female,38,Houston,Bronze,440.9,8,3.2,False,24,Neutral,55.1125,1,0,2,0.0,0.4476190476190476
269,Female,32,New York,Gold,1160.3,14,4.4,True,22,Satisfied,82.87857142857142,1,1,3,2.0,0.7603174603174603
270,Male,34,Los Angeles,Silver,800.2,11,4.1,False,17,Neutral,72.74545454545455,1,1,2,1.0,0.5920634920634921
271,Female,43,Chicago,Bronze,500.75,10,3.3,True,40,Unsatisfied,50.075,0,0,1,0.0,0.24603174603174605
272,Male,30,San Francisco,Gold,1460.5,20,4.8,False,12,Satisfied,73.025,1,1,3,2.0,0.8238095238095238
273,Male,27,Miami,Silver,700.4,13,4.0,True,53,Unsatisfied,53.87692307692308,0,0,1,1.0,0.26349206349206344
274,Female,37,Houston,Bronze,430.8,7,3.4,False,23,Neutral,61.542857142857144,1,0,2,0.0,0.4539682539682539
275,Female,31,New York,Gold,1140.6,15,4.5,True,27,Satisfied,76.03999999999999,1,1,3,2.0,0.7285714285714285
276,Male,35,Los Angeles,Silver,820.9,12,4.3,False,12,Neutral,68.40833333333333,1,1,2,1.0,0.6238095238095238
277,Female,41,Chicago,Bronze,480.25,9,3.6,True,38,Unsatisfied,53.361111111111114,0,0,1,0.0,0.25873015873015875
278,Male,28,San Francisco,Gold,1490.1,21,4.9,False,9,Satisfied,70.95714285714286,1,1,3,2.0,0.8428571428571429
279,Male,32,Miami,Silver,680.3,10,3.8,True,32,Unsatisfied,68.03,0,0,1,1.0,0.3968253968253968
280,Female,36,Houston,Bronze,470.5,8,3.0,False,18,Neutral,58.8125,1,0,2,0.0,0.48571428571428577
281,Female,30,New York,Gold,1180.8,16,4.7,True,19,Satisfied,73.8,1,1,3,2.0,0.7793650793650793
282,Male,34,Los Angeles,Silver,790.2,11,4.0,False,15,Neutral,71.83636363636364,1,1,2,1.0,0.6047619047619047
283,Female,43,Chicago,Bronze,505.75,10,3.3,True,39,Unsatisfied,50.575,0,0,1,0.0,0.2523809523809524
284,Male,30,San Francisco,Gold,1470.5,20,4.8,False,13,Satisfied,73.525,1,1,3,2.0,0.8174603174603174
285,Male,27,Miami,Silver,710.4,13,4.1,True,54,Unsatisfied,54.646153846153844,0,0,1,1.0,0.2571428571428571
286,Female,37,Houston,Bronze,430.8,7,3.4,False,23,Neutral,61.542857142857144,1,0,2,0.0,0.4539682539682539
287,Female,31,New York,Gold,1130.6,15,4.5,True,26,Satisfied,75.37333333333332,1,1,3,2.0,0.7349206349206349
288,Male,35,Los Angeles,Silver,820.9,12,4.3,False,13,Neutral,68.40833333333333,1,1,2,1.0,0.6174603174603175
289,Female,41,Chicago,Bronze,485.25,9,3.6,True,39,Unsatisfied,53.916666666666664,0,0,1,0.0,0.2523809523809524
290,Male,28,San Francisco,Gold,1500.1,21,4.9,False,10,Satisfied,71.43333333333332,1,1,3,2.0,0.8365079365079364
291,Male,32,Miami,Silver,670.3,10,3.8,True,33,Unsatisfied,67.03,0,0,1,1.0,0.3904761904761904
292,Female,36,Houston,Bronze,460.5,8,3.1,False,19,Neutral,57.5625,1,0,2,0.0,0.4793650793650793
293,Female,30,New York,Gold,1190.8,16,4.5,True,20,Satisfied,74.425,1,1,3,2.0,0.7730158730158729
294,Male,33,Los Angeles,Silver,830.75,13,4.2,False,14,Satisfied,63.90384615384615,1,1,3,1.0,0.7111111111111111
295,Female,42,Chicago,Bronze,520.4,9,3.5,True,37,Unsatisfied,57.82222222222222,0,0,1,0.0,0.2650793650793651
296,Male,29,San Francisco,Gold,1370.2,18,4.7,False,10,Satisfied,76.12222222222222,1,1,3,2.0,0.8365079365079364
297,Male,26,Miami,Silver,690.6,12,3.9,True,47,Unsatisfied,57.550000000000004,0,0,1,1.0,0.30158730158730157
298,Female,38,Houston,Bronze,440.9,8,3.2,False,24,Neutral,55.1125,1,0,2,0.0,0.4476190476190476
299,Female,32,New York,Gold,1160.3,14,4.4,True,22,Satisfied,82.87857142857142,1,1,3,2.0,0.7603174603174603
300,Male,34,Los Angeles,Silver,800.2,11,4.1,False,17,Neutral,72.74545454545455,1,1,2,1.0,0.5920634920634921
301,Male,36,San Francisco,Gold,1420.8,19,4.6,False,11,Satisfied,74.77894736842104,1,1,3,2.0,0.8301587301587301
302,Female,29,Miami,Silver,730.4,14,4.0,True,50,Unsatisfied,52.17142857142857,0,0,1,1.0,0.28253968253968254
303,Female,35,Houston,Bronze,450.6,7,3.3,False,21,Neutral,64.37142857142858,1,0,2,0.0,0.4666666666666667
304,Male,31,New York,Gold,1210.6,17,4.8,True,18,Satisfied,71.21176470588235,1,1,3,2.0,0.7857142857142857
305,Male,27,Los Angeles,Silver,780.9,11,4.2,False,16,Neutral,70.99090909090908,1,1,2,1.0,0.5984126984126984
306,Female,42,Chicago,Bronze,495.25,10,3.5,True,35,Unsatisfied,49.525,0,0,1,0.0,0.2777777777777778
307,Male,29,San Francisco,Gold,1390.2,18,4.7,False,9,Satisfied,77.23333333333333,1,1,3,2.0,0.8428571428571429
308,Male,26,Miami,Silver,670.6,12,3.9,True,46,Unsatisfied,55.88333333333333,0,0,1,1.0,0.30793650793650795
309,Female,38,Houston,Bronze,460.9,8,3.2,False,25,Neutral,57.6125,1,0,2,0.0,0.44126984126984126
310,Female,32,New York,Gold,1170.3,14,4.5,True,21,Satisfied,83.59285714285714,1,1,3,2.0,0.7666666666666666
311,Male,34,Los Angeles,Silver,810.2,11,4.0,False,14,Neutral,73.65454545454546,1,1,2,1.0,0.611111111111111
312,Female,43,Chicago,Bronze,515.75,9,3.3,True,38,Unsatisfied,57.30555555555556,0,0,1,0.0,0.25873015873015875
313,Male,30,San Francisco,Gold,1450.5,20,4.8,False,12,Satisfied,72.525,1,1,3,2.0,0.8238095238095238
314,Male,27,Miami,Silver,690.4,13,4.1,True,52,Unsatisfied,53.107692307692304,0,0,1,1.0,0.2698412698412698
315,Female,37,Houston,Bronze,420.8,7,3.4,False,24,Neutral,60.114285714285714,1,0,2,0.0,0.4476190476190476
316,Female,31,New York,Gold,1130.6,15,4.5,True,26,Satisfied,75.37333333333332,1,1,3,2.0,0.7349206349206349
317,Male,35,Los Angeles,Silver,820.9,12,4.3,False,13,Neutral,68.40833333333333,1,1,2,1.0,0.6174603174603175
318,Female,41,Chicago,Bronze,480.25,9,3.6,True,39,Unsatisfied,53.361111111111114,0,0,1,0.0,0.2523809523809524
319,Male,28,San Francisco,Gold,1490.1,21,4.9,False,9,Satisfied,70.95714285714286,1,1,3,2.0,0.8428571428571429
320,Male,32,Miami,Silver,680.3,10,3.8,True,32,Unsatisfied,68.03,0,0,1,1.0,0.3968253968253968
321,Female,36,Houston,Bronze,470.5,8,3.0,False,18,Neutral,58.8125,1,0,2,0.0,0.48571428571428577
322,Female,30,New York,Gold,1180.8,16,4.7,True,19,Satisfied,73.8,1,1,3,2.0,0.7793650793650793
323,Male,34,Los Angeles,Silver,790.2,11,4.0,False,15,Neutral,71.83636363636364,1,1,2,1.0,0.6047619047619047
324,Female,43,Chicago,Bronze,505.75,10,3.3,True,39,Unsatisfied,50.575,0,0,1,0.0,0.2523809523809524
325,Male,30,San Francisco,Gold,1470.5,20,4.8,False,13,Satisfied,73.525,1,1,3,2.0,0.8174603174603174
326,Male,27,Miami,Silver,710.4,13,4.1,True,54,Unsatisfied,54.646153846153844,0,0,1,1.0,0.2571428571428571
327,Female,37,Houston,Bronze,430.8,7,3.4,False,23,Neutral,61.542857142857144,1,0,2,0.0,0.4539682539682539
328,Female,31,New York,Gold,1140.6,15,4.5,True,27,Satisfied,76.03999999999999,1,1,3,2.0,0.7285714285714285
329,Male,35,Los Angeles,Silver,820.9,12,4.3,False,13,Neutral,68.40833333333333,1,1,2,1.0,0.6174603174603175
330,Female,41,Chicago,Bronze,485.25,9,3.6,True,39,Unsatisfied,53.916666666666664,0,0,1,0.0,0.2523809523809524
331,Male,28,San Francisco,Gold,1500.1,21,4.9,False,10,Satisfied,71.43333333333332,1,1,3,2.0,0.8365079365079364
332,Male,32,Miami,Silver,670.3,10,3.8,True,33,Unsatisfied,67.03,0,0,1,1.0,0.3904761904761904
333,Female,36,Houston,Bronze,460.5,8,3.1,False,19,Neutral,57.5625,1,0,2,0.0,0.4793650793650793
334,Female,30,New York,Gold,1190.8,16,4.5,True,20,Satisfied,74.425,1,1,3,2.0,0.7730158730158729
335,Male,33,Los Angeles,Silver,830.75,13,4.2,False,14,Satisfied,63.90384615384615,1,1,3,1.0,0.7111111111111111
336,Female,42,Chicago,Bronze,520.4,9,3.5,True,37,Unsatisfied,57.82222222222222,0,0,1,0.0,0.2650793650793651
337,Male,29,San Francisco,Gold,1370.2,18,4.7,False,10,Satisfied,76.12222222222222,1,1,3,2.0,0.8365079365079364
338,Male,26,Miami,Silver,690.6,12,3.9,True,47,Unsatisfied,57.550000000000004,0,0,1,1.0,0.30158730158730157
339,Female,38,Houston,Bronze,440.9,8,3.2,False,24,Neutral,55.1125,1,0,2,0.0,0.4476190476190476
340,Female,32,New York,Gold,1160.3,14,4.4,True,22,Satisfied,82.87857142857142,1,1,3,2.0,0.7603174603174603
341,Male,34,Los Angeles,Silver,800.2,11,4.1,False,17,Neutral,72.74545454545455,1,1,2,1.0,0.5920634920634921
342,Female,43,Chicago,Bronze,525.75,9,3.3,True,40,Unsatisfied,58.416666666666664,0,0,1,0.0,0.24603174603174605
343,Male,30,San Francisco,Gold,1460.5,20,4.8,False,11,Satisfied,73.025,1,1,3,2.0,0.8301587301587301
344,Male,27,Miami,Silver,720.4,13,4.0,True,55,Unsatisfied,55.41538461538461,0,0,1,1.0,0.2507936507936508
345,Female,37,Houston,Bronze,440.8,7,3.2,False,25,Neutral,62.971428571428575,1,0,2,0.0,0.44126984126984126
346,Female,31,New York,Gold,1150.6,15,4.5,True,28,Satisfied,76.70666666666666,1,1,3,2.0,0.7222222222222222
347,Male,35,Los Angeles,Silver,830.9,12,4.3,False,14,Neutral,69.24166666666666,1,1,2,1.0,0.611111111111111
348,Female,41,Chicago,Bronze,490.25,9,3.6,True,40,Unsatisfied,54.47222222222222,0,0,1,0.0,0.24603174603174605
349,Male,28,San Francisco,Gold,1480.1,21,4.9,False,10,Satisfied,70.48095238095237,1,1,3,2.0,0.8365079365079364
350,Male,32,Miami,Silver,690.3,10,3.8,True,34,Unsatisfied,69.03,0,0,1,1.0,0.3841269841269841
351,Female,36,Houston,Bronze,480.5,8,3.1,False,20,Neutral,60.0625,1,0,2,0.0,0.473015873015873
352,Female,30,New York,Gold,1170.8,16,4.7,True,21,Satisfied,73.175,1,1,3,2.0,0.7666666666666666
353,Male,34,Los Angeles,Silver,790.2,11,4.0,False,15,Neutral,71.83636363636364,1,1,2,1.0,0.6047619047619047
354,Female,43,Chicago,Bronze,510.75,10,3.3,True,41,Unsatisfied,51.075,0,0,1,0.0,0.23968253968253966
355,Male,30,San Francisco,Gold,1440.5,19,4.6,False,12,Satisfied,75.8157894736842,1,1,3,2.0,0.8238095238095238
356,Male,27,Miami,Silver,700.4,13,4.1,True,56,Unsatisfied,53.87692307692308,0,0,1,1.0,0.24444444444444446
357,Female,37,Houston,Bronze,410.8,7,3.4,False,26,Neutral,58.68571428571429,1,0,2,0.0,0.43492063492063493
358,Female,31,New York,Gold,1160.6,15,4.5,True,29,Satisfied,77.37333333333332,1,1,3,2.0,0.7158730158730159
359,Male,35,Los Angeles,Silver,810.9,12,4.3,False,14,Neutral,67.575,1,1,2,1.0,0.611111111111111
360,Female,41,Chicago,Bronze,495.25,9,3.6,True,41,Unsatisfied,55.02777777777778,0,0,1,0.0,0.23968253968253966
361,Male,28,San Francisco,Gold,1490.1,21,4.9,False,10,Satisfied,70.95714285714286,1,1,3,2.0,0.8365079365079364
362,Male,32,Miami,Silver,660.3,10,3.8,True,35,Unsatisfied,66.03,0,0,1,1.0,0.37777777777777777
363,Female,36,Houston,Bronze,430.5,8,3.1,False,21,Neutral,53.8125,1,0,2,0.0,0.4666666666666667
364,Female,30,New York,Gold,1200.8,16,4.7,True,22,Satisfied,75.05,1,1,3,2.0,0.7603174603174603
365,Male,34,Los Angeles,Silver,780.2,11,4.1,False,16,Neutral,70.92727272727274,1,0,2,1.0,0.5984126984126984
366,Female,43,Chicago,Bronze,505.75,10,3.3,True,42,Unsatisfied,50.575,0,0,1,0.0,0.23333333333333334
367,Male,30,San Francisco,Gold,1460.5,20,4.8,False,13,Satisfied,73.025,1,1,3,2.0,0.8174603174603174
368,Male,27,Miami,Silver,710.4,13,4.1,True,57,Unsatisfied,54.646153846153844,0,0,1,1.0,0.23809523809523808
369,Female,37,Houston,Bronze,450.8,7,3.4,False,24,Neutral,64.4,1,0,2,0.0,0.4476190476190476
370,Female,31,New York,Gold,1140.6,15,4.5,True,30,Satisfied,76.03999999999999,0,1,3,2.0,0.7095238095238094
371,Male,35,Los Angeles,Silver,800.9,12,4.1,False,17,Neutral,66.74166666666666,1,1,2,1.0,0.5920634920634921
372,Female,41,Chicago,Bronze,475.25,9,3.6,True,42,Unsatisfied,52.80555555555556,0,0,1,0.0,0.23333333333333334
373,Male,28,San Francisco,Gold,1480.1,21,4.9,False,11,Satisfied,70.48095238095237,1,1,3,2.0,0.8301587301587301
374,Male,32,Miami,Silver,660.3,10,3.8,True,36,Unsatisfied,66.03,0,0,1,1.0,0.37142857142857144
375,Female,36,Houston,Bronze,470.5,8,3.0,False,22,Neutral,58.8125,1,0,2,0.0,0.46031746031746035
376,Female,30,New York,Gold,1190.8,16,4.5,True,23,Satisfied,74.425,1,1,3,2.0,0.753968253968254
377,Male,33,Los Angeles,Silver,770.2,11,4.2,False,18,Neutral,70.01818181818182,1,0,2,1.0,0.5857142857142857
378,Female,43,Chicago,Bronze,515.75,10,3.3,True,43,Unsatisfied,51.575,0,0,1,0.0,0.22698412698412695
379,Male,30,San Francisco,Gold,1450.5,19,4.6,False,12,Satisfied,76.34210526315789,1,1,3,2.0,0.8238095238095238
380,Male,27,Miami,Silver,710.4,13,4.1,True,58,Unsatisfied,54.646153846153844,0,0,1,1.0,0.23174603174603176
381,Female,37,Houston,Bronze,430.8,7,3.4,False,27,Neutral,61.542857142857144,1,0,2,0.0,0.42857142857142855
382,Female,31,New York,Gold,1160.6,15,4.5,True,31,Satisfied,77.37333333333332,0,1,3,2.0,0.7031746031746031
383,Male,35,Los Angeles,Silver,820.9,12,4.3,False,15,Neutral,68.40833333333333,1,1,2,1.0,0.6047619047619047
384,Female,41,Chicago,Bronze,495.25,9,3.6,True,43,Unsatisfied,55.02777777777778,0,0,1,0.0,0.22698412698412695
385,Male,28,San Francisco,Gold,1490.1,21,4.9,False,10,Satisfied,70.95714285714286,1,1,3,2.0,0.8365079365079364
386,Male,32,Miami,Silver,660.3,10,3.8,True,37,Unsatisfied,66.03,0,0,1,1.0,0.36507936507936506
387,Female,36,Houston,Bronze,440.5,8,3.1,False,23,Neutral,55.0625,1,0,2,0.0,0.4539682539682539
388,Female,30,New York,Gold,1200.8,16,4.7,True,24,Satisfied,75.05,1,1,3,2.0,0.7476190476190476
389,Male,34,Los Angeles,Silver,780.2,11,4.1,False,16,Neutral,70.92727272727274,1,0,2,1.0,0.5984126984126984
390,Female,43,Chicago,Bronze,505.75,10,3.3,True,44,Unsatisfied,50.575,0,0,1,0.0,0.22063492063492063
391,Male,30,San Francisco,Gold,1460.5,20,4.8,False,13,Satisfied,73.025,1,1,3,2.0,0.8174603174603174
392,Male,27,Miami,Silver,710.4,13,4.1,True,59,Unsatisfied,54.646153846153844,0,0,1,1.0,0.22539682539682537
393,Female,37,Houston,Bronze,450.8,7,3.4,False,28,Neutral,64.4,1,0,2,0.0,0.4222222222222222
394,Female,31,New York,Gold,1140.6,15,4.5,True,32,Satisfied,76.03999999999999,0,1,3,2.0,0.6968253968253968
395,Male,35,Los Angeles,Silver,800.9,12,4.1,False,17,Neutral,66.74166666666666,1,1,2,1.0,0.5920634920634921
396,Female,41,Chicago,Bronze,475.25,9,3.6,True,44,Unsatisfied,52.80555555555556,0,0,1,0.0,0.22063492063492063
397,Male,28,San Francisco,Gold,1480.1,21,4.9,False,12,Satisfied,70.48095238095237,1,1,3,2.0,0.8238095238095238
398,Male,32,Miami,Silver,660.3,10,3.8,True,38,Unsatisfied,66.03,0,0,1,1.0,0.35873015873015873
399,Female,36,Houston,Bronze,470.5,8,3.0,False,22,Neutral,58.8125,1,0,2,0.0,0.46031746031746035
400,Female,30,New York,Gold,1190.8,16,4.5,True,25,Satisfied,74.425,1,1,3,2.0,0.7412698412698413
401,Male,33,Los Angeles,Silver,800.2,11,4.1,False,18,Neutral,72.74545454545455,1,1,2,1.0,0.5857142857142857
402,Female,43,Chicago,Bronze,515.75,10,3.3,True,45,Unsatisfied,51.575,0,0,1,0.0,0.21428571428571427
403,Male,30,San Francisco,Gold,1450.5,19,4.6,False,13,Satisfied,76.34210526315789,1,1,3,2.0,0.8174603174603174
404,Male,27,Miami,Silver,710.4,13,4.1,True,60,Unsatisfied,54.646153846153844,0,0,1,1.0,0.21904761904761905
405,Female,37,Houston,Bronze,430.8,7,3.4,False,29,Neutral,61.542857142857144,1,0,2,0.0,0.4158730158730159
406,Female,31,New York,Gold,1160.6,15,4.5,True,33,Satisfied,77.37333333333332,0,1,3,2.0,0.6904761904761905
407,Male,35,Los Angeles,Silver,820.9,12,4.3,False,16,Neutral,68.40833333333333,1,1,2,1.0,0.5984126984126984
408,Female,41,Chicago,Bronze,495.25,9,3.6,True,45,Unsatisfied,55.02777777777778,0,0,1,0.0,0.21428571428571427
409,Male,28,San Francisco,Gold,1490.1,21,4.9,False,11,Satisfied,70.95714285714286,1,1,3,2.0,0.8301587301587301
410,Male,32,Miami,Silver,660.3,10,3.8,True,39,Unsatisfied,66.03,0,0,1,1.0,0.35238095238095235
411,Female,36,Houston,Bronze,440.5,8,3.1,False,24,Neutral,55.0625,1,0,2,0.0,0.4476190476190476
412,Female,30,New York,Gold,1200.8,16,4.7,True,25,Satisfied,75.05,1,1,3,2.0,0.7412698412698413
413,Male,34,Los Angeles,Silver,780.2,11,4.1,False,17,Neutral,70.92727272727274,1,0,2,1.0,0.5920634920634921
414,Female,43,Chicago,Bronze,505.75,10,3.3,True,46,Unsatisfied,50.575,0,0,1,0.0,0.20793650793650795
415,Male,30,San Francisco,Gold,1460.5,20,4.8,False,14,Satisfied,73.025,1,1,3,2.0,0.8111111111111111
416,Male,27,Miami,Silver,710.4,13,4.1,True,61,Unsatisfied,54.646153846153844,0,0,1,1.0,0.21269841269841266
417,Female,37,Houston,Bronze,450.8,7,3.4,False,30,Neutral,64.4,0,0,2,0.0,0.4095238095238095
418,Female,31,New York,Gold,1140.6,15,4.5,True,34,Satisfied,76.03999999999999,0,1,3,2.0,0.6841269841269841
419,Male,35,Los Angeles,Silver,800.9,12,4.1,False,19,Neutral,66.74166666666666,1,1,2,1.0,0.5793650793650793
420,Female,41,Chicago,Bronze,475.25,9,3.6,True,46,Unsatisfied,52.80555555555556,0,0,1,0.0,0.20793650793650795
421,Male,28,San Francisco,Gold,1480.1,21,4.9,False,12,Satisfied,70.48095238095237,1,1,3,2.0,0.8238095238095238
422,Male,32,Miami,Silver,660.3,10,3.8,True,40,Unsatisfied,66.03,0,0,1,1.0,0.346031746031746
423,Female,36,Houston,Bronze,470.5,8,3.0,False,26,Neutral,58.8125,1,0,2,0.0,0.43492063492063493
424,Female,30,New York,Gold,1190.8,16,4.5,True,27,Satisfied,74.425,1,1,3,2.0,0.7285714285714285
425,Male,34,Los Angeles,Silver,780.2,11,4.2,False,18,Neutral,70.92727272727274,1,0,2,1.0,0.5857142857142857
426,Female,43,Chicago,Bronze,515.75,10,3.3,True,47,Unsatisfied,51.575,0,0,1,0.0,0.2015873015873016
427,Male,30,San Francisco,Gold,1450.5,19,4.6,False,14,Satisfied,76.34210526315789,1,1,3,2.0,0.8111111111111111
428,Male,27,Miami,Silver,710.4,13,4.1,True,62,Unsatisfied,54.646153846153844,0,0,1,1.0,0.20634920634920634
429,Female,37,Houston,Bronze,430.8,7,3.4,False,31,Neutral,61.542857142857144,0,0,2,0.0,0.4031746031746032
430,Female,31,New York,Gold,1160.6,15,4.5,True,35,Satisfied,77.37333333333332,0,1,3,2.0,0.6777777777777777
431,Male,35,Los Angeles,Silver,820.9,12,4.3,False,20,Neutral,68.40833333333333,1,1,2,1.0,0.573015873015873
432,Female,41,Chicago,Bronze,495.25,9,3.6,True,47,Unsatisfied,55.02777777777778,0,0,1,0.0,0.2015873015873016
433,Male,28,San Francisco,Gold,1490.1,21,4.9,False,11,Satisfied,70.95714285714286,1,1,3,2.0,0.8301587301587301
434,Male,32,Miami,Silver,660.3,10,3.8,True,41,Unsatisfied,66.03,0,0,1,1.0,0.33968253968253964
435,Female,36,Houston,Bronze,440.5,8,3.1,False,28,Neutral,55.0625,1,0,2,0.0,0.4222222222222222
436,Female,30,New York,Gold,1200.8,16,4.7,True,28,Satisfied,75.05,1,1,3,2.0,0.7222222222222222
437,Male,34,Los Angeles,Silver,780.2,11,4.1,False,19,Neutral,70.92727272727274,1,0,2,1.0,0.5793650793650793
438,Female,43,Chicago,Bronze,505.75,10,3.3,True,48,Unsatisfied,50.575,0,0,1,0.0,0.19523809523809527
439,Male,30,San Francisco,Gold,1460.5,20,4.8,False,15,Satisfied,73.025,1,1,3,2.0,0.8047619047619048
440,Male,27,Miami,Silver,710.4,13,4.1,True,63,Unsatisfied,54.646153846153844,0,0,1,1.0,0.19999999999999998
441,Female,37,Houston,Bronze,450.8,7,3.4,False,32,Neutral,64.4,0,0,2,0.0,0.39682539682539686
442,Female,31,New York,Gold,1140.6,15,4.5,True,36,Satisfied,76.03999999999999,0,1,3,2.0,0.6714285714285714
443,Male,35,Los Angeles,Silver,800.9,12,4.1,False,20,Neutral,66.74166666666666,1,1,2,1.0,0.573015873015873
444,Female,41,Chicago,Bronze,475.25,9,3.6,True,48,Unsatisfied,52.80555555555556,0,0,1,0.0,0.19523809523809527
445,Male,28,San Francisco,Gold,1480.1,21,4.9,False,13,Satisfied,70.48095238095237,1,1,3,2.0,0.8174603174603174
446,Male,32,Miami,Silver,660.3,10,3.8,True,42,Unsatisfied,66.03,0,0,1,1.0,0.3333333333333333
447,Female,36,Houston,Bronze,470.5,8,3.0,False,27,Neutral,58.8125,1,0,2,0.0,0.42857142857142855
448,Female,30,New York,Gold,1190.8,16,4.5,True,28,Satisfied,74.425,1,1,3,2.0,0.7222222222222222
449,Male,34,Los Angeles,Silver,780.2,11,4.2,False,21,Neutral,70.92727272727274,1,0,2,1.0,0.5666666666666667
450,Female,43,Chicago,Bronze,515.75,10,3.3,True,49,Unsatisfied,51.575,0,0,1,0.0,0.18888888888888888
10000,Female,35,Miami,Bronze,1190.8,12,4.5,True,29,Satisfied,99.23333333333333,1,1,3,0.0,0.5158730158730159
10001,Male,35,Miami,Bronze,440.5,13,4.2,False,13,Unsatisfied,33.88461538461539,1,0,1,0.0,0.4174603174603175
10002,Female,31,Houston,Gold,520.4,16,3.4,True,13,Neutral,32.525,1,0,2,2.0,0.7174603174603175
10003,Male,36,Houston,Gold,1190.8,21,3.0,True,13,Satisfied,56.7047619047619,1,1,3,2.0,0.8174603174603174
10004,Male,37,Miami,Silver,1190.8,10,3.2,True,38,Satisfied,119.08,0,1,3,1.0,0.5587301587301587
10005,Male,43,Los Angeles,Silver,1160.6,9,4.5,True,23,Neutral,128.95555555555555,1,1,2,1.0,0.5539682539682539
10006,Female,37,New York,Gold,710.4,10,4.6,False,47,Neutral,71.03999999999999,0,0,2,2.0,0.5015873015873016
10007,Female,37,San Francisco,Silver,700.4,14,3.3,True,37,Satisfied,50.028571428571425,0,0,3,1.0,0.5650793650793651
10008,Female,37,San Francisco,Silver,430.8,10,4.6,True,14,Neutral,43.08,1,0,2,1.0,0.611111111111111
10009,Female,34,New York,Silver,1160.6,11,4.0,True,32,Neutral,105.5090909090909,0,1,2,1.0,0.49682539682539684
10010,Female,33,Miami,Bronze,1160.6,10,3.1,False,54,Unsatisfied,116.05999999999999,0,1,1,0.0,0.15714285714285714
10011,Female,30,Miami,Bronze,1120.2,16,4.5,True,50,Unsatisfied,70.0125,0,1,1,0.0,0.18253968253968256
10012,Female,33,Houston,Gold,1370.2,11,4.2,True,13,Neutral,124.56363636363636,1,1,2,2.0,0.7174603174603175
10013,Male,34,Chicago,Bronze,800.2,15,4.7,False,21,Neutral,53.34666666666667,1,1,2,0.0,0.4666666666666667
10014,Female,30,New York,Silver,520.4,18,4.9,False,10,Neutral,28.91111111111111,1,0,2,1.0,0.6365079365079365
10015,Female,37,Los Angeles,Gold,780.9,10,3.5,False,40,Neutral,78.09,0,1,2,2.0,0.546031746031746
10016,Male,36,New York,Bronze,830.75,16,4.1,True,19,Unsatisfied,51.921875,1,1,1,0.0,0.37936507936507935
10017,Male,32,Miami,Bronze,1490.1,8,4.5,True,54,Unsatisfied,186.2625,0,1,1,0.0,0.15714285714285714
10018,Female,42,Chicago,Gold,430.8,10,3.6,False,25,Satisfied,43.08,1,0,3,2.0,0.7412698412698413
10019,Female,31,Chicago,Gold,485.25,11,4.6,False,13,Unsatisfied,44.11363636363637,1,0,1,2.0,0.6174603174603175
10020,Male,41,New York,Gold,1490.1,7,3.1,True,40,Unsatisfied,212.87142857142857,0,1,1,2.0,0.446031746031746
10021,Female,32,Houston,Bronze,520.4,16,4.1,False,24,Unsatisfied,32.525,1,0,1,0.0,0.3476190476190476
10022,Male,27,New York,Silver,1420.8,11,3.1,False,27,Neutral,129.16363636363636,1,1,2,1.0,0.5285714285714286
10023,Female,30,Chicago,Gold,1180.8,16,4.8,True,60,Unsatisfied,73.8,0,1,1,2.0,0.319047619047619
10024,Female,30,San Francisco,Bronze,1160.3,19,3.3,True,33,Satisfied,61.06842105263158,0,1,3,0.0,0.49047619047619045
10025,Female,28,Los Angeles,Bronze,430.8,11,4.6,True,53,Unsatisfied,39.163636363636364,0,0,1,0.0,0.16349206349206347
10026,Male,37,Los Angeles,Bronze,830.75,8,3.4,False,10,Unsatisfied,103.84375,1,1,1,0.0,0.4365079365079365
10027,Male,42,Miami,Silver,690.3,7,3.1,True,10,Unsatisfied,98.61428571428571,1,0,1,1.0,0.5365079365079365
10028,Female,30,Chicago,Bronze,450.8,11,4.5,True,58,Satisfied,40.981818181818184,0,0,3,0.0,0.33174603174603173
10029,Female,41,Los Angeles,Bronze,430.8,15,4.0,False,31,Neutral,28.720000000000002,0,0,2,0.0,0.4031746031746032
10030,Male,31,San Francisco,Bronze,1460.5,13,4.8,False,22,Unsatisfied,112.34615384615384,1,1,1,0.0,0.3603174603174603
10031,Male,32,San Francisco,Gold,1190.8,7,3.1,True,46,Unsatisfied,170.1142857142857,0,1,1,2.0,0.40793650793650793
10032,Female,31,Houston,Bronze,710.4,20,4.0,True,21,Satisfied,35.519999999999996,1,0,3,0.0,0.5666666666666667
10033,Male,35,Houston,Bronze,1180.8,12,3.0,False,19,Unsatisfied,98.39999999999999,1,1,1,0.0,0.37936507936507935
10034,Female,27,Chicago,Gold,420.8,13,4.5,True,18,Neutral,32.36923076923077,1,0,2,2.0,0.6857142857142857
10035,Male,33,Chicago,Silver,1460.5,16,3.4,False,17,Satisfied,91.28125,1,1,3,1.0,0.692063492063492
10036,Female,34,Houston,Bronze,1160.3,18,3.1,True,24,Unsatisfied,64.46111111111111,1,1,1,0.0,0.3476190476190476
10037,Male,31,Chicago,Bronze,1190.8,7,3.3,False,12,Unsatisfied,170.1142857142857,1,1,1,0.0,0.4238095238095238
10038,Male,32,Los Angeles,Silver,485.25,12,3.4,False,11,Neutral,40.4375,1,0,2,1.0,0.6301587301587301
10039,Female,30,Chicago,Bronze,1140.6,8,4.9,False,41,Neutral,142.575,0,1,2,0.0,0.3396825396825397
10040,Male,37,San Francisco,Bronze,485.25,20,4.5,True,41,Satisfied,24.2625,0,0,3,0.0,0.4396825396825397
10041,Male,32,Miami,Bronze,410.8,15,3.8,False,27,Unsatisfied,27.386666666666667,1,0,1,0.0,0.32857142857142857
10042,Female,32,San Francisco,Gold,1200.8,11,4.4,True,23,Neutral,109.16363636363636,1,1,2,2.0,0.6539682539682539
10043,Female,29,Miami,Gold,660.3,18,3.6,False,15,Unsatisfied,36.68333333333333,1,0,1,2.0,0.6047619047619047
10044,Male,29,Miami,Gold,485.25,15,4.9,False,24,Satisfied,32.35,1,0,3,2.0,0.7476190476190476
10045,Female,36,New York,Silver,670.3,10,3.6,True,25,Unsatisfied,67.03,1,0,1,1.0,0.44126984126984126
10046,Male,28,Miami,Silver,1150.6,16,4.5,True,23,Satisfied,71.9125,1,1,3,1.0,0.653968253968254
10047,Male,31,Los Angeles,Silver,800.2,16,4.5,False,11,Unsatisfied,50.0125,1,1,1,1.0,0.5301587301587302
10048,Female,37,Chicago,Bronze,670.3,18,4.3,False,23,Unsatisfied,37.23888888888889,1,0,1,0.0,0.35396825396825393
10049,Female,36,Chicago,Gold,800.2,8,3.0,True,27,Neutral,100.025,1,1,2,2.0,0.6285714285714286
10050,Male,32,Houston,Silver,500.75,11,3.2,False,26,Unsatisfied,45.52272727272727,1,0,1,1.0,0.43492063492063493
10051,Female,34,San Francisco,Silver,1190.8,15,4.7,False,22,Neutral,79.38666666666667,1,1,2,1.0,0.5603174603174603
10052,Female,30,Los Angeles,Bronze,670.3,15,3.9,False,16,Neutral,44.68666666666666,1,0,2,0.0,0.4984126984126984
10053,Male,43,Los Angeles,Silver,770.2,16,3.7,True,10,Unsatisfied,48.1375,1,0,1,1.0,0.5365079365079365
10054,Male,36,Chicago,Bronze,700.4,9,3.3,False,39,Satisfied,77.82222222222222,0,0,3,0.0,0.4523809523809524
10055,Female,28,Miami,Gold,1500.1,20,3.6,True,37,Satisfied,75.005,0,1,3,2.0,0.665079365079365
10056,Male,30,Chicago,Gold,500.75,9,4.8,True,39,Neutral,55.638888888888886,0,0,2,2.0,0.5523809523809523
10057,Female,27,San Francisco,Gold,800.2,9,4.2,True,19,Satisfied,88.91111111111111,1,1,3,2.0,0.7793650793650793
10058,Female,35,New York,Gold,800.2,9,3.1,False,15,Satisfied,88.91111111111111,1,1,3,2.0,0.8047619047619048
10059,Female,37,Chicago,Bronze,1140.6,13,3.4,True,40,Unsatisfied,87.73846153846154,0,1,1,0.0,0.24603174603174605
10060,Male,38,Houston,Bronze,780.9,9,3.1,False,40,Neutral,86.76666666666667,0,1,2,0.0,0.346031746031746
10061,Male,27,Chicago,Gold,440.8,18,3.8,False,15,Neutral,24.48888888888889,1,0,2,2.0,0.7047619047619047
10062,Female,43,San Francisco,Bronze,1370.2,10,4.1,True,12,Unsatisfied,137.02,1,1,1,0.0,0.4238095238095238
10063,Female,43,Chicago,Silver,485.25,18,3.3,True,26,Neutral,26.958333333333332,1,0,2,1.0,0.5349206349206349
10064,Female,30,Los Angeles,Silver,1190.8,7,4.2,False,39,Satisfied,170.1142857142857,0,1,3,1.0,0.5523809523809524
10065,Female,37,Chicago,Bronze,430.8,9,4.9,True,25,Neutral,47.86666666666667,1,0,2,0.0,0.44126984126984126
10066,Male,28,Chicago,Gold,1140.6,12,3.8,True,54,Satisfied,95.05,0,1,3,2.0,0.5571428571428572
10067,Female,34,San Francisco,Silver,470.5,12,3.0,True,32,Neutral,39.208333333333336,0,0,2,1.0,0.49682539682539684
10068,Female,30,Miami,Gold,505.75,10,3.8,False,24,Satisfied,50.575,1,0,3,2.0,0.7476190476190476
10069,Male,37,Chicago,Bronze,440.9,11,4.2,True,40,Satisfied,40.08181818181818,0,0,3,0.0,0.446031746031746
10070,Male,31,Chicago,Bronze,710.4,9,3.9,True,54,Satisfied,78.93333333333334,0,0,3,0.0,0.35714285714285715
10071,Female,32,Houston,Gold,800.9,21,4.7,True,50,Satisfied,38.13809523809524,0,1,3,2.0,0.5825396825396826
10072,Male,30,Houston,Silver,1140.6,7,4.8,False,37,Unsatisfied,162.94285714285712,0,1,1,1.0,0.36507936507936506
10073,Female,30,Houston,Bronze,780.2,10,4.7,False,12,Unsatisfied,78.02000000000001,1,0,1,0.0,0.4238095238095238
10074,Male,29,San Francisco,Gold,430.8,13,3.1,False,17,Neutral,33.13846153846154,1,0,2,2.0,0.692063492063492
10075,Male,33,San Francisco,Bronze,660.3,14,4.8,True,39,Neutral,47.16428571428571,0,0,2,0.0,0.35238095238095235
10076,Female,30,Houston,Silver,1490.1,13,3.8,False,54,Satisfied,114.62307692307692,0,1,3,1.0,0.45714285714285713
10077,Female,42,Chicago,Gold,1180.8,18,4.7,True,19,Unsatisfied,65.6,1,1,1,2.0,0.5793650793650793
10078,Male,32,Los Angeles,Bronze,440.9,8,4.1,True,54,Unsatisfied,55.1125,0,0,1,0.0,0.15714285714285714
10079,Female,28,Miami,Bronze,1470.5,15,4.7,False,54,Neutral,98.03333333333333,0,1,2,0.0,0.2571428571428571
10080,Female,27,New York,Bronze,680.3,9,3.2,False,32,Satisfied,75.58888888888889,0,0,3,0.0,0.49682539682539684
10081,Female,30,Chicago,Gold,660.3,8,4.2,True,19,Neutral,82.5375,1,0,2,2.0,0.6793650793650793
10082,Male,41,Houston,Silver,1370.2,13,3.9,True,13,Neutral,105.4,1,1,2,1.0,0.6174603174603175
10083,Male,32,New York,Gold,480.25,21,4.9,False,13,Satisfied,22.86904761904762,1,0,3,2.0,0.8174603174603174
10084,Male,34,Los Angeles,Bronze,1140.6,8,4.8,False,11,Satisfied,142.575,1,1,3,0.0,0.6301587301587301
10085,Male,30,Houston,Silver,480.25,9,4.3,False,40,Neutral,53.361111111111114,0,0,2,1.0,0.446031746031746
10086,Male,34,Houston,Bronze,495.25,16,4.5,False,18,Satisfied,30.953125,1,0,3,0.0,0.5857142857142857
10087,Female,36,New York,Gold,800.2,10,3.6,False,20,Satisfied,80.02000000000001,1,1,3,2.0,0.7730158730158729
10088,Male,30,San Francisco,Silver,480.5,20,3.0,False,23,Neutral,24.025,1,0,2,1.0,0.5539682539682539
10089,Female,27,San Francisco,Gold,1190.8,13,4.0,False,54,Neutral,91.6,0,1,2,2.0,0.4571428571428571
10090,Female,31,Los Angeles,Gold,495.25,10,3.1,False,53,Neutral,49.525,0,0,2,2.0,0.4634920634920634
10091,Male,31,Miami,Silver,1460.5,20,4.0,True,32,Neutral,73.025,0,1,2,1.0,0.49682539682539684
10092,Female,31,Chicago,Gold,660.3,15,3.8,False,21,Unsatisfied,44.019999999999996,1,0,1,2.0,0.5666666666666667
10093,Male,36,Houston,Bronze,1470.5,7,4.7,True,19,Neutral,210.07142857142858,1,1,2,0.0,0.4793650793650793
10094,Male,30,Los Angeles,Bronze,500.75,9,4.7,False,39,Neutral,55.638888888888886,0,0,2,0.0,0.35238095238095235
10095,Male,43,Houston,Bronze,1460.5,9,3.8,False,33,Unsatisfied,162.27777777777777,0,1,1,0.0,0.29047619047619044
10096,Female,43,Chicago,Bronze,1460.5,12,4.7,False,22,Satisfied,121.70833333333333,1,1,3,0.0,0.5603174603174603
10097,Female,32,New York,Silver,480.25,12,4.4,False,39,Unsatisfied,40.020833333333336,0,0,1,1.0,0.35238095238095235
10098,Male,30,New York,Gold,420.8,12,3.4,True,53,Unsatisfied,35.06666666666667,0,0,1,2.0,0.3634920634920634
10099,Female,38,Los Angeles,Gold,690.6,7,4.8,True,22,Neutral,98.65714285714286,1,0,2,2.0,0.6603174603174603
10100,Male,32,Los Angeles,Silver,495.25,20,4.2,True,30,Unsatisfied,24.7625,0,0,1,1.0,0.4095238095238095
10101,Female,32,New York,Silver,430.8,10,4.9,False,13,Unsatisfied,43.08,1,0,1,1.0,0.5174603174603175
10102,Male,42,New York,Silver,1480.3,20,4.5,True,15,Neutral,74.015,1,1,2,1.0,0.6047619047619047
10103,Female,31,San Francisco,Gold,700.4,10,3.8,True,24,Satisfied,70.03999999999999,1,0,3,2.0,0.7476190476190476
10104,Female,34,New York,Silver,1200.8,16,4.2,True,32,Satisfied,75.05,0,1,3,1.0,0.5968253968253968
10105,Female,27,New York,Gold,1370.2,18,4.0,False,24,Satisfied,76.12222222222222,1,1,3,2.0,0.7476190476190476
10106,Male,34,Houston,Bronze,1460.5,13,3.1,True,19,Satisfied,112.34615384615384,1,1,3,0.0,0.5793650793650793
10107,Female,30,Chicago,Bronze,470.5,12,4.0,True,22,Unsatisfied,39.208333333333336,1,0,1,0.0,0.3603174603174603
10108,Female,36,Los Angeles,Silver,440.9,15,3.1,False,33,Unsatisfied,29.39333333333333,0,0,1,1.0,0.3904761904761904
10109,Male,30,Houston,Gold,1470.5,8,3.4,True,37,Neutral,183.8125,0,1,2,2.0,0.5650793650793651
10110,Female,36,New York,Bronze,1200.8,15,4.8,False,41,Neutral,80.05333333333333,0,1,2,0.0,0.3396825396825397
10111,Male,30,Los Angeles,Silver,430.8,8,4.4,False,14,Unsatisfied,53.85,1,0,1,1.0,0.5111111111111111
10112,Male,27,New York,Silver,410.8,16,4.1,False,26,Unsatisfied,25.675,1,0,1,1.0,0.43492063492063493
10113,Male,26,San Francisco,Bronze,1500.1,15,4.0,False,17,Neutral,100.00666666666666,1,1,2,0.0,0.4920634920634921
10114,Male,36,New York,Bronze,780.5,9,3.1,True,21,Satisfied,86.72222222222223,1,1,3,0.0,0.5666666666666667
10115,Female,34,Miami,Silver,440.9,9,4.0,False,43,Neutral,48.98888888888889,0,0,2,1.0,0.4269841269841269
10116,Male,33,San Francisco,Silver,515.75,16,4.1,False,22,Unsatisfied,32.234375,1,0,1,1.0,0.4603174603174603
10117,Male,36,Miami,Silver,660.3,21,3.3,False,20,Neutral,31.44285714285714,1,0,2,1.0,0.573015873015873
10118,Male,34,New York,Bronze,485.25,9,3.6,False,41,Satisfied,53.916666666666664,0,0,3,0.0,0.4396825396825397
10119,Female,32,San Francisco,Bronze,1490.1,8,4.5,True,41,Neutral,186.2625,0,1,2,0.0,0.3396825396825397
10120,Female,31,Los Angeles,Silver,690.6,7,4.7,False,18,Unsatisfied,98.65714285714286,1,0,1,1.0,0.4857142857142857
10121,Male,43,Chicago,Bronze,1160.3,11,3.2,True,32,Satisfied,105.48181818181818,0,1,3,0.0,0.49682539682539684
10122,Male,36,Chicago,Gold,420.8,9,3.8,True,12,Unsatisfied,46.75555555555556,1,0,1,2.0,0.6238095238095238
10123,Female,28,Miami,Silver,460.9,13,4.1,True,52,Unsatisfied,35.45384615384615,0,0,1,1.0,0.2698412698412698
10124,Female,28,Los Angeles,Bronze,1480.1,16,3.0,False,47,Satisfied,92.50625,0,1,3,0.0,0.4015873015873016
10125,Male,30,New York,Bronze,820.9,12,3.6,True,47,Satisfied,68.40833333333333,0,1,3,0.0,0.4015873015873016
10126,Female,41,Los Angeles,Silver,790.2,21,4.7,False,16,Satisfied,37.62857142857143,1,1,3,1.0,0.6984126984126984
10127,Male,37,San Francisco,Gold,1180.8,8,3.1,False,54,Unsatisfied,147.6,0,1,1,2.0,0.3571428571428571
10128,Female,37,Los Angeles,Silver,480.25,16,4.3,False,34,Unsatisfied,30.015625,0,0,1,1.0,0.3841269841269841
10129,Female,37,Chicago,Bronze,520.4,11,4.5,False,14,Satisfied,47.309090909090905,1,0,3,0.0,0.6111111111111112
10130,Male,35,New York,Gold,710.4,13,4.8,False,19,Unsatisfied,54.646153846153844,1,0,1,2.0,0.5793650793650793
10131,Male,31,Los Angeles,Gold,690.4,7,4.5,False,14,Neutral,98.62857142857142,1,0,2,2.0,0.711111111111111
10132,Male,27,Houston,Bronze,1490.1,13,4.6,False,24,Satisfied,114.62307692307692,1,1,3,0.0,0.5476190476190477
10133,Female,32,New York,Gold,440.9,13,4.8,True,17,Unsatisfied,33.91538461538461,1,0,1,2.0,0.5920634920634921
10134,Female,31,Chicago,Gold,690.3,18,3.3,False,10,Satisfied,38.349999999999994,1,0,3,2.0,0.8365079365079364
10135,Male,27,San Francisco,Bronze,1370.2,7,4.4,False,34,Unsatisfied,195.74285714285716,0,1,1,0.0,0.2841269841269841
10136,Female,35,Chicago,Bronze,1500.1,13,4.0,False,15,Neutral,115.39230769230768,1,1,2,0.0,0.5047619047619047
10137,Male,35,Chicago,Silver,1180.8,10,4.5,False,17,Unsatisfied,118.08,1,1,1,1.0,0.49206349206349204
10138,Male,31,Los Angeles,Silver,1450.5,13,4.2,True,46,Satisfied,111.57692307692308,0,1,3,1.0,0.5079365079365079
10139,Female,32,New York,Bronze,460.5,9,3.6,False,18,Satisfied,51.166666666666664,1,0,3,0.0,0.5857142857142857
10140,Male,27,New York,Bronze,1140.6,9,3.8,True,10,Satisfied,126.73333333333332,1,1,3,0.0,0.6365079365079365
10141,Female,32,Miami,Silver,440.9,21,4.9,False,41,Neutral,20.995238095238093,0,0,2,1.0,0.4396825396825397
10142,Male,34,Los Angeles,Gold,1180.8,16,3.3,True,10,Satisfied,73.8,1,1,3,2.0,0.8365079365079364
10143,Male,29,Houston,Silver,440.9,9,3.1,False,26,Neutral,48.98888888888889,1,0,2,1.0,0.5349206349206349
10144,Female,43,Miami,Gold,690.6,11,4.5,True,21,Unsatisfied,62.78181818181818,1,0,1,2.0,0.5666666666666667
10145,Male,28,New York,Bronze,690.6,15,4.2,True,13,Neutral,46.04,1,0,2,0.0,0.5174603174603175
10146,Male,41,Chicago,Bronze,505.75,21,4.0,True,37,Neutral,24.083333333333332,0,0,2,0.0,0.36507936507936506
10147,Female,32,Los Angeles,Gold,810.9,18,3.2,True,27,Satisfied,45.05,1,1,3,2.0,0.7285714285714285
10148,Female,27,Houston,Silver,780.9,8,3.6,True,43,Unsatisfied,97.6125,0,1,1,1.0,0.32698412698412693
10149,Male,42,Miami,Bronze,1120.2,18,3.5,True,18,Neutral,62.233333333333334,1,1,2,0.0,0.48571428571428577
10150,Male,30,Miami,Bronze,440.9,21,3.4,False,17,Unsatisfied,20.995238095238093,1,0,1,0.0,0.39206349206349206
10151,Female,30,Chicago,Bronze,710.4,10,3.5,True,24,Satisfied,71.03999999999999,1,0,3,0.0,0.5476190476190477
10152,Male,35,Los Angeles,Bronze,1370.2,9,3.9,False,18,Unsatisfied,152.24444444444444,1,1,1,0.0,0.38571428571428573
10153,Male,32,Los Angeles,Silver,1200.8,12,3.3,True,25,Satisfied,100.06666666666666,1,1,3,1.0,0.6412698412698413
10154,Female,28,New York,Silver,700.4,15,4.9,True,55,Unsatisfied,46.693333333333335,0,0,1,1.0,0.2507936507936508
10155,Male,31,Houston,Bronze,700.6,9,4.5,True,20,Unsatisfied,77.84444444444445,1,0,1,0.0,0.373015873015873
10156,Female,43,New York,Silver,1460.5,7,3.0,True,56,Satisfied,208.64285714285714,0,1,3,1.0,0.4444444444444444
10157,Female,36,Los Angeles,Silver,810.9,15,4.5,True,41,Unsatisfied,54.059999999999995,0,1,1,1.0,0.33968253968253964
10158,Female,38,Los Angeles,Gold,1180.8,9,4.0,False,15,Satisfied,131.2,1,1,3,2.0,0.8047619047619048
10159,Female,27,Houston,Silver,1370.2,9,3.6,True,10,Unsatisfied,152.24444444444444,1,1,1,1.0,0.5365079365079365
10160,Female,30,Miami,Gold,780.2,9,4.2,True,29,Neutral,86.6888888888889,1,0,2,2.0,0.6158730158730159
10161,Female,31,Houston,Gold,810.9,10,3.0,False,44,Satisfied,81.09,0,1,3,2.0,0.6206349206349207
10162,Male,31,Los Angeles,Bronze,1470.5,10,4.4,False,9,Unsatisfied,147.05,1,1,1,0.0,0.4428571428571429
10163,Female,37,New York,Bronze,420.8,10,4.1,True,19,Satisfied,42.08,1,0,3,0.0,0.5793650793650793
10164,Male,37,Chicago,Gold,780.9,17,4.5,False,21,Unsatisfied,45.93529411764706,1,1,1,2.0,0.5666666666666667
10165,Male,38,Los Angeles,Gold,500.75,11,4.8,True,34,Satisfied,45.52272727272727,0,0,3,2.0,0.6841269841269841
10166,Female,41,Los Angeles,Bronze,470.5,16,3.0,False,36,Neutral,29.40625,0,0,2,0.0,0.37142857142857144
10167,Male,36,Chicago,Silver,800.2,11,4.5,False,13,Satisfied,72.74545454545455,1,1,3,1.0,0.7174603174603175
10168,Female,43,New York,Gold,1450.5,9,4.0,True,11,Satisfied,161.16666666666666,1,1,3,2.0,0.8301587301587301
10169,Female,37,San Francisco,Gold,1190.8,10,4.6,False,54,Neutral,119.08,0,1,2,2.0,0.4571428571428571
10170,Male,36,Chicago,Gold,820.9,15,4.3,False,15,Unsatisfied,54.72666666666667,1,1,1,2.0,0.6047619047619047
10171,Male,32,San Francisco,Bronze,670.3,7,4.1,False,42,Unsatisfied,95.75714285714285,0,0,1,0.0,0.23333333333333334
10172,Male,26,Los Angeles,Gold,470.5,10,3.9,False,11,Unsatisfied,47.05,1,0,1,2.0,0.6301587301587301
10173,Male,37,San Francisco,Bronze,800.2,10,3.4,True,25,Satisfied,80.02000000000001,1,1,3,0.0,0.5412698412698413
10174,Male,29,San Francisco,Silver,1160.3,15,3.4,False,12,Satisfied,77.35333333333332,1,1,3,1.0,0.7238095238095238
10175,Female,32,New York,Bronze,800.2,20,3.5,True,20,Neutral,40.010000000000005,1,1,2,0.0,0.473015873015873
10176,Female,43,Chicago,Gold,1190.8,9,3.3,False,35,Satisfied,132.3111111111111,0,1,3,2.0,0.6777777777777777
10177,Male,37,Chicago,Silver,1450.5,21,4.3,False,28,Unsatisfied,69.07142857142857,1,1,1,1.0,0.4222222222222222
10178,Female,27,New York,Gold,430.8,12,4.1,False,27,Satisfied,35.9,1,0,3,2.0,0.7285714285714285
10179,Female,37,San Francisco,Gold,495.25,17,3.8,False,33,Satisfied,29.13235294117647,0,0,3,2.0,0.6904761904761905
10180,Male,41,Chicago,Silver,450.9,20,4.1,False,15,Satisfied,22.544999999999998,1,0,3,1.0,0.7047619047619048
10181,Female,27,Los Angeles,Bronze,790.2,9,4.5,False,18,Neutral,87.80000000000001,1,1,2,0.0,0.48571428571428577
10182,Male,41,San Francisco,Bronze,520.4,10,3.3,True,37,Satisfied,52.04,0,0,3,0.0,0.4650793650793651
10183,Male,30,Houston,Bronze,800.9,10,3.3,True,20,Satisfied,80.09,1,1,3,0.0,0.573015873015873
10184,Male,31,San Francisco,Silver,1460.5,11,4.8,False,22,Unsatisfied,132.77272727272728,1,1,1,1.0,0.4603174603174603
10185,Male,30,Los Angeles,Bronze,660.3,11,3.3,False,22,Satisfied,60.027272727272724,1,0,3,0.0,0.5603174603174603
10186,Female,35,Houston,Gold,690.6,21,3.9,True,26,Neutral,32.885714285714286,1,0,2,2.0,0.6349206349206349
10187,Male,30,Los Angeles,Silver,780.2,7,4.8,False,9,Unsatisfied,111.45714285714287,1,0,1,1.0,0.5428571428571429
10188,Female,37,Miami,Gold,1160.3,8,4.7,False,10,Unsatisfied,145.0375,1,1,1,2.0,0.6365079365079365
10189,Female,36,New York,Bronze,810.2,20,4.5,False,24,Unsatisfied,40.510000000000005,1,1,1,0.0,0.3476190476190476
10190,Female,34,Miami,Gold,420.8,9,4.7,False,58,Satisfied,46.75555555555556,0,0,3,2.0,0.5317460317460317
10191,Female,30,Los Angeles,Gold,710.4,13,4.5,True,19,Neutral,54.646153846153844,1,0,2,2.0,0.6793650793650793
10192,Male,36,Chicago,Bronze,1370.2,20,4.5,False,40,Satisfied,68.51,0,1,3,0.0,0.446031746031746
10193,Male,30,Chicago,Bronze,800.9,12,4.8,True,21,Neutral,66.74166666666666,1,1,2,0.0,0.4666666666666667
10194,Male,26,Miami,Gold,500.75,13,3.4,True,42,Satisfied,38.51923076923077,0,0,3,2.0,0.6333333333333333
10195,Female,35,Houston,Silver,800.2,20,4.5,True,11,Satisfied,40.010000000000005,1,1,3,1.0,0.7301587301587301
10196,Female,36,Houston,Bronze,1460.5,12,4.2,False,47,Unsatisfied,121.70833333333333,0,1,1,0.0,0.2015873015873016
10197,Male,26,San Francisco,Silver,800.2,12,3.6,True,11,Neutral,66.68333333333334,1,1,2,1.0,0.6301587301587301
10198,Female,28,San Francisco,Bronze,820.9,10,4.1,False,12,Satisfied,82.09,1,1,3,0.0,0.6238095238095238
10199,Male,28,Los Angeles,Silver,1490.1,11,4.5,False,14,Unsatisfied,135.46363636363637,1,1,1,1.0,0.5111111111111111
