Customer ID,Gender,Age,City,Membership Type,Total Spend,Items Purchased,Average Rating,Discount Applied,Days Since Last Purchase,Satisfaction Level,Satisfaction Encoded,Membership Encoded,Avg Spend Per Item,Spend Per Age,Recent Buyer,High Spender,RFM_Score,Loyalty Score
101,Female,29,New York,Gold,1120.2,14,4.6,1,25,Satisfied,3,2.0,80.01428571428572,38.62758620689655,1,1,9,0.7412698412698413
102,Male,34,Los Angeles,Silver,780.5,11,4.1,0,18,Neutral,2,1.0,70.95454545454545,22.955882352941178,1,1,7,0.5857142857142857
103,Female,43,Chicago,Bronze,510.75,9,3.4,1,42,Unsatisfied,1,0.0,56.75,11.877906976744185,0,0,2,0.23333333333333334
104,Male,30,San Francisco,Gold,1480.3,19,4.7,0,12,Satisfied,3,2.0,77.91052631578947,49.343333333333334,1,1,13,0.8238095238095238
105,Male,27,Miami,Silver,720.4,13,4.0,1,55,Unsatisfied,1,1.0,55.41538461538461,26.68148148148148,0,0,5,0.2507936507936508
106,Female,37,Houston,Bronze,440.8,8,3.1,0,22,Neutral,2,0.0,55.1,11.913513513513514,1,0,3,0.46031746031746035
107,Female,31,New York,Gold,1150.6,15,4.5,1,28,Satisfied,3,2.0,76.70666666666666,37.11612903225806,1,1,8,0.7222222222222222
108,Male,35,Los Angeles,Silver,800.9,12,4.2,0,14,Neutral,2,1.0,66.74166666666666,22.88285714285714,1,1,9,0.611111111111111
109,Female,41,Chicago,Bronze,495.25,10,3.6,1,40,Unsatisfied,1,0.0,49.525,12.079268292682928,0,0,3,0.24603174603174605
110,Male,28,San Francisco,Gold,1520.1,21,4.8,0,9,Satisfied,3,2.0,72.38571428571429,54.28928571428571,1,1,13,0.8428571428571429
111,Male,32,Miami,Silver,690.3,11,3.8,1,34,Unsatisfied,1,1.0,62.75454545454545,21.571875,0,0,4,0.3841269841269841
112,Female,36,Houston,Bronze,470.5,7,3.2,0,20,Neutral,2,0.0,67.21428571428571,13.069444444444445,1,0,4,0.473015873015873
113,Female,30,New York,Gold,1200.8,16,4.3,1,21,Satisfied,3,2.0,75.05,40.026666666666664,1,1,10,0.7666666666666666
114,Male,33,Los Angeles,Silver,820.75,13,4.4,0,15,Satisfied,3,1.0,63.13461538461539,24.87121212121212,1,1,9,0.7047619047619048
115,Female,42,Chicago,Bronze,530.4,9,3.5,1,38,Unsatisfied,1,0.0,58.93333333333333,12.628571428571428,0,0,3,0.25873015873015875
116,Male,29,San Francisco,Gold,1360.2,18,4.9,0,11,Satisfied,3,2.0,75.56666666666666,46.90344827586207,1,1,13,0.8301587301587301
117,Male,26,Miami,Silver,700.6,12,3.7,1,48,Unsatisfied,1,1.0,58.38333333333333,26.946153846153848,0,0,5,0.29523809523809524
118,Female,38,Houston,Bronze,450.9,8,3.0,0,25,Neutral,2,0.0,56.3625,11.86578947368421,1,0,3,0.44126984126984126
119,Female,32,New York,Gold,1170.3,14,4.7,1,29,Satisfied,3,2.0,83.59285714285714,36.571875,1,1,8,0.7158730158730159
120,Male,34,Los Angeles,Silver,790.2,11,4.0,0,16,Neutral,2,1.0,71.83636363636364,23.241176470588236,1,1,7,0.5984126984126984
121,Female,43,Chicago,Bronze,505.75,10,3.3,1,41,Unsatisfied,1,0.0,50.575,11.761627906976743,0,0,3,0.23968253968253966
122,Male,30,San Francisco,Gold,1470.5,20,4.8,0,13,Satisfied,3,2.0,73.525,49.016666666666666,1,1,13,0.8174603174603174
123,Male,27,Miami,Silver,710.4,13,4.1,1,54,Unsatisfied,1,1.0,54.646153846153844,26.31111111111111,0,0,5,0.2571428571428571
124,Female,37,Houston,Bronze,430.8,7,3.4,0,23,Neutral,2,0.0,61.542857142857144,11.643243243243244,1,0,3,0.4539682539682539
125,Female,31,New York,Gold,1140.6,15,4.6,1,27,Satisfied,3,2.0,76.03999999999999,36.79354838709677,1,1,9,0.7285714285714285
126,Male,35,Los Angeles,Silver,810.9,12,4.3,0,13,Neutral,2,1.0,67.575,23.16857142857143,1,1,9,0.6174603174603175
127,Female,41,Chicago,Bronze,485.25,9,3.6,1,39,Unsatisfied,1,0.0,53.916666666666664,11.835365853658537,0,0,2,0.2523809523809524
128,Male,28,San Francisco,Gold,1500.1,21,4.9,0,10,Satisfied,3,2.0,71.43333333333332,53.574999999999996,1,1,13,0.8365079365079364
129,Male,32,Miami,Silver,670.3,10,3.8,1,33,Unsatisfied,1,1.0,67.03,20.946875,0,0,4,0.3904761904761904
130,Female,36,Houston,Bronze,460.5,8,3.1,0,19,Neutral,2,0.0,57.5625,12.791666666666666,1,0,4,0.4793650793650793
131,Female,30,New York,Gold,1190.8,16,4.5,1,20,Satisfied,3,2.0,74.425,39.693333333333335,1,1,10,0.7730158730158729
132,Male,33,Los Angeles,Silver,830.75,13,4.2,0,14,Satisfied,3,1.0,63.90384615384615,25.174242424242426,1,1,10,0.7111111111111111
133,Female,42,Chicago,Bronze,520.4,9,3.5,1,37,Unsatisfied,1,0.0,57.82222222222222,12.390476190476189,0,0,3,0.2650793650793651
134,Male,29,San Francisco,Gold,1370.2,18,4.7,0,10,Satisfied,3,2.0,76.12222222222222,47.248275862068965,1,1,13,0.8365079365079364
135,Male,26,Miami,Silver,690.6,12,3.9,1,47,Unsatisfied,1,1.0,57.550000000000004,26.56153846153846,0,0,4,0.30158730158730157
136,Female,38,Houston,Bronze,440.9,8,3.2,0,24,Neutral,2,0.0,55.1125,11.602631578947367,1,0,3,0.4476190476190476
137,Female,32,New York,Gold,1160.3,14,4.4,1,22,Satisfied,3,2.0,82.87857142857142,36.259375,1,1,9,0.7603174603174603
138,Male,34,Los Angeles,Silver,800.2,11,4.1,0,17,Neutral,2,1.0,72.74545454545455,23.53529411764706,1,1,7,0.5920634920634921
139,Female,43,Chicago,Bronze,500.75,10,3.3,1,40,Unsatisfied,1,0.0,50.075,11.645348837209303,0,0,3,0.24603174603174605
140,Male,30,San Francisco,Gold,1460.5,20,4.8,0,12,Satisfied,3,2.0,73.025,48.68333333333333,1,1,13,0.8238095238095238
141,Male,27,Miami,Silver,700.4,13,4.0,1,53,Unsatisfied,1,1.0,53.87692307692308,25.94074074074074,0,0,5,0.26349206349206344
142,Female,37,Houston,Bronze,420.8,7,3.1,0,21,Neutral,2,0.0,60.114285714285714,11.372972972972974,1,0,3,0.4666666666666667
143,Female,31,New York,Gold,1130.6,15,4.5,1,26,Satisfied,3,2.0,75.37333333333332,36.47096774193548,1,1,9,0.7349206349206349
144,Male,35,Los Angeles,Silver,820.9,12,4.3,0,12,Neutral,2,1.0,68.40833333333333,23.454285714285714,1,1,10,0.6238095238095238
145,Female,41,Chicago,Bronze,480.25,9,3.6,1,38,Unsatisfied,1,0.0,53.361111111111114,11.713414634146341,0,0,2,0.25873015873015875
146,Male,28,San Francisco,Gold,1490.1,21,4.9,0,9,Satisfied,3,2.0,70.95714285714286,53.21785714285714,1,1,13,0.8428571428571429
147,Male,32,Miami,Silver,680.3,10,3.8,1,32,Unsatisfied,1,1.0,68.03,21.259375,0,0,4,0.3968253968253968
148,Female,36,Houston,Bronze,470.5,8,3.0,0,18,Neutral,2,0.0,58.8125,13.069444444444445,1,0,4,0.48571428571428577
149,Female,30,New York,Gold,1180.8,16,4.7,1,19,Satisfied,3,2.0,73.8,39.36,1,1,10,0.7793650793650793
150,Male,34,Los Angeles,Silver,790.2,11,4.0,0,15,Neutral,2,1.0,71.83636363636364,23.241176470588236,1,1,7,0.6047619047619047
151,Female,43,Chicago,Bronze,505.75,10,3.3,1,39,Unsatisfied,1,0.0,50.575,11.761627906976743,0,0,4,0.2523809523809524
152,Male,30,San Francisco,Gold,1470.5,20,4.8,0,13,Satisfied,3,2.0,73.525,49.016666666666666,1,1,13,0.8174603174603174
153,Male,27,Miami,Silver,710.4,13,4.1,1,54,Unsatisfied,1,1.0,54.646153846153844,26.31111111111111,0,0,5,0.2571428571428571
154,Female,37,Houston,Bronze,430.8,7,3.4,0,23,Neutral,2,0.0,61.542857142857144,11.643243243243244,1,0,3,0.4539682539682539
155,Female,31,New York,Gold,1140.6,15,4.6,1,27,Satisfied,3,2.0,76.03999999999999,36.79354838709677,1,1,9,0.7285714285714285
156,Male,35,Los Angeles,Silver,810.9,12,4.3,0,13,Neutral,2,1.0,67.575,23.16857142857143,1,1,9,0.6174603174603175
157,Female,41,Chicago,Bronze,485.25,9,3.6,1,39,Unsatisfied,1,0.0,53.916666666666664,11.835365853658537,0,0,2,0.2523809523809524
158,Male,28,San Francisco,Gold,1500.1,21,4.9,0,10,Satisfied,3,2.0,71.43333333333332,53.574999999999996,1,1,13,0.8365079365079364
159,Male,32,Miami,Silver,670.3,10,3.8,1,33,Unsatisfied,1,1.0,67.03,20.946875,0,0,4,0.3904761904761904
160,Female,36,Houston,Bronze,460.5,8,3.1,0,19,Neutral,2,0.0,57.5625,12.791666666666666,1,0,4,0.4793650793650793
161,Female,30,New York,Gold,1190.8,16,4.5,1,20,Satisfied,3,2.0,74.425,39.693333333333335,1,1,10,0.7730158730158729
162,Male,33,Los Angeles,Silver,830.75,13,4.2,0,14,Satisfied,3,1.0,63.90384615384615,25.174242424242426,1,1,10,0.7111111111111111
163,Female,42,Chicago,Bronze,520.4,9,3.5,1,37,Unsatisfied,1,0.0,57.82222222222222,12.390476190476189,0,0,3,0.2650793650793651
164,Male,29,San Francisco,Gold,1370.2,18,4.7,0,10,Satisfied,3,2.0,76.12222222222222,47.248275862068965,1,1,13,0.8365079365079364
165,Male,26,Miami,Silver,690.6,12,3.9,1,47,Unsatisfied,1,1.0,57.550000000000004,26.56153846153846,0,0,4,0.30158730158730157
166,Female,38,Houston,Bronze,440.9,8,3.2,0,24,Neutral,2,0.0,55.1125,11.602631578947367,1,0,3,0.4476190476190476
167,Female,32,New York,Gold,1160.3,14,4.4,1,22,Satisfied,3,2.0,82.87857142857142,36.259375,1,1,9,0.7603174603174603
168,Male,34,Los Angeles,Silver,800.2,11,4.1,0,17,Neutral,2,1.0,72.74545454545455,23.53529411764706,1,1,7,0.5920634920634921
169,Female,43,Chicago,Bronze,500.75,10,3.3,1,40,Unsatisfied,1,0.0,50.075,11.645348837209303,0,0,3,0.24603174603174605
170,Male,30,San Francisco,Gold,1460.5,20,4.8,0,12,Satisfied,3,2.0,73.025,48.68333333333333,1,1,13,0.8238095238095238
171,Male,27,Miami,Silver,700.4,13,4.0,1,53,Unsatisfied,1,1.0,53.87692307692308,25.94074074074074,0,0,5,0.26349206349206344
172,Female,37,Houston,Bronze,420.8,7,3.1,0,21,Neutral,2,0.0,60.114285714285714,11.372972972972974,1,0,3,0.4666666666666667
173,Female,31,New York,Gold,1130.6,15,4.5,1,26,Satisfied,3,2.0,75.37333333333332,36.47096774193548,1,1,9,0.7349206349206349
174,Male,35,Los Angeles,Silver,820.9,12,4.3,0,12,Neutral,2,1.0,68.40833333333333,23.454285714285714,1,1,10,0.6238095238095238
175,Female,41,Chicago,Bronze,480.25,9,3.6,1,38,Unsatisfied,1,0.0,53.361111111111114,11.713414634146341,0,0,2,0.25873015873015875
176,Male,28,San Francisco,Gold,1490.1,21,4.9,0,9,Satisfied,3,2.0,70.95714285714286,53.21785714285714,1,1,13,0.8428571428571429
177,Male,32,Miami,Silver,680.3,10,3.8,1,32,Unsatisfied,1,1.0,68.03,21.259375,0,0,4,0.3968253968253968
178,Female,36,Houston,Bronze,470.5,8,3.0,0,18,Neutral,2,0.0,58.8125,13.069444444444445,1,0,4,0.48571428571428577
179,Female,30,New York,Gold,1180.8,16,4.7,1,19,Satisfied,3,2.0,73.8,39.36,1,1,10,0.7793650793650793
180,Male,34,Los Angeles,Silver,790.2,11,4.0,0,15,Neutral,2,1.0,71.83636363636364,23.241176470588236,1,1,7,0.6047619047619047
181,Female,43,Chicago,Bronze,505.75,10,3.3,1,39,Unsatisfied,1,0.0,50.575,11.761627906976743,0,0,4,0.2523809523809524
182,Male,30,San Francisco,Gold,1470.5,20,4.8,0,13,Satisfied,3,2.0,73.525,49.016666666666666,1,1,13,0.8174603174603174
183,Male,27,Miami,Silver,710.4,13,4.1,1,54,Unsatisfied,1,1.0,54.646153846153844,26.31111111111111,0,0,5,0.2571428571428571
184,Female,37,Houston,Bronze,430.8,7,3.4,0,23,Neutral,2,0.0,61.542857142857144,11.643243243243244,1,0,3,0.4539682539682539
185,Female,31,New York,Gold,1140.6,15,4.6,1,27,Satisfied,3,2.0,76.03999999999999,36.79354838709677,1,1,9,0.7285714285714285
186,Male,35,Los Angeles,Silver,810.9,12,4.3,0,13,Neutral,2,1.0,67.575,23.16857142857143,1,1,9,0.6174603174603175
187,Female,41,Chicago,Bronze,485.25,9,3.6,1,39,Unsatisfied,1,0.0,53.916666666666664,11.835365853658537,0,0,2,0.2523809523809524
188,Male,28,San Francisco,Gold,1500.1,21,4.9,0,10,Satisfied,3,2.0,71.43333333333332,53.574999999999996,1,1,13,0.8365079365079364
189,Male,32,Miami,Silver,670.3,10,3.8,1,33,Unsatisfied,1,1.0,67.03,20.946875,0,0,4,0.3904761904761904
190,Female,36,Houston,Bronze,460.5,8,3.1,0,19,Neutral,2,0.0,57.5625,12.791666666666666,1,0,4,0.4793650793650793
191,Female,30,New York,Gold,1190.8,16,4.5,1,20,Satisfied,3,2.0,74.425,39.693333333333335,1,1,10,0.7730158730158729
192,Male,33,Los Angeles,Silver,830.75,13,4.2,0,14,Satisfied,3,1.0,63.90384615384615,25.174242424242426,1,1,10,0.7111111111111111
193,Female,42,Chicago,Bronze,520.4,9,3.5,1,37,Unsatisfied,1,0.0,57.82222222222222,12.390476190476189,0,0,3,0.2650793650793651
194,Male,29,San Francisco,Gold,1370.2,18,4.7,0,10,Satisfied,3,2.0,76.12222222222222,47.248275862068965,1,1,13,0.8365079365079364
195,Male,26,Miami,Silver,690.6,12,3.9,1,47,Unsatisfied,1,1.0,57.550000000000004,26.56153846153846,0,0,4,0.30158730158730157
196,Female,38,Houston,Bronze,440.9,8,3.2,0,24,Neutral,2,0.0,55.1125,11.602631578947367,1,0,3,0.4476190476190476
197,Female,32,New York,Gold,1160.3,14,4.4,1,22,Satisfied,3,2.0,82.87857142857142,36.259375,1,1,9,0.7603174603174603
198,Male,34,Los Angeles,Silver,800.2,11,4.1,0,17,Neutral,2,1.0,72.74545454545455,23.53529411764706,1,1,7,0.5920634920634921
199,Female,43,Chicago,Bronze,500.75,10,3.3,1,40,Unsatisfied,1,0.0,50.075,11.645348837209303,0,0,3,0.24603174603174605
200,Male,30,San Francisco,Gold,1460.5,20,4.8,0,12,Satisfied,3,2.0,73.025,48.68333333333333,1,1,13,0.8238095238095238
201,Male,27,Miami,Silver,700.4,13,4.0,1,53,Unsatisfied,1,1.0,53.87692307692308,25.94074074074074,0,0,5,0.26349206349206344
202,Female,37,Houston,Bronze,420.8,7,3.1,0,21,Neutral,2,0.0,60.114285714285714,11.372972972972974,1,0,3,0.4666666666666667
203,Female,31,New York,Gold,1130.6,15,4.5,1,26,Satisfied,3,2.0,75.37333333333332,36.47096774193548,1,1,9,0.7349206349206349
204,Male,35,Los Angeles,Silver,820.9,12,4.3,0,12,Neutral,2,1.0,68.40833333333333,23.454285714285714,1,1,10,0.6238095238095238
205,Female,41,Chicago,Bronze,480.25,9,3.6,1,38,Unsatisfied,1,0.0,53.361111111111114,11.713414634146341,0,0,2,0.25873015873015875
206,Male,28,San Francisco,Gold,1490.1,21,4.9,0,9,Satisfied,3,2.0,70.95714285714286,53.21785714285714,1,1,13,0.8428571428571429
207,Male,32,Miami,Silver,680.3,10,3.8,1,32,Unsatisfied,1,1.0,68.03,21.259375,0,0,4,0.3968253968253968
208,Female,36,Houston,Bronze,470.5,8,3.0,0,18,Neutral,2,0.0,58.8125,13.069444444444445,1,0,4,0.48571428571428577
209,Female,30,New York,Gold,1180.8,16,4.7,1,19,Satisfied,3,2.0,73.8,39.36,1,1,10,0.7793650793650793
210,Male,34,Los Angeles,Silver,790.2,11,4.0,0,15,Neutral,2,1.0,71.83636363636364,23.241176470588236,1,1,7,0.6047619047619047
211,Female,43,Chicago,Bronze,505.75,10,3.3,1,39,Unsatisfied,1,0.0,50.575,11.761627906976743,0,0,4,0.2523809523809524
212,Male,30,San Francisco,Gold,1470.5,20,4.8,0,13,Satisfied,3,2.0,73.525,49.016666666666666,1,1,13,0.8174603174603174
213,Male,27,Miami,Silver,710.4,13,4.1,1,54,Unsatisfied,1,1.0,54.646153846153844,26.31111111111111,0,0,5,0.2571428571428571
214,Female,37,Houston,Bronze,430.8,7,3.4,0,23,Neutral,2,0.0,61.542857142857144,11.643243243243244,1,0,3,0.4539682539682539
215,Female,31,New York,Gold,1140.6,15,4.6,1,27,Satisfied,3,2.0,76.03999999999999,36.79354838709677,1,1,9,0.7285714285714285
216,Male,35,Los Angeles,Silver,810.9,12,4.3,0,13,Neutral,2,1.0,67.575,23.16857142857143,1,1,9,0.6174603174603175
217,Female,41,Chicago,Bronze,485.25,9,3.6,1,39,Unsatisfied,1,0.0,53.916666666666664,11.835365853658537,0,0,2,0.2523809523809524
218,Male,28,San Francisco,Gold,1500.1,21,4.9,0,10,Satisfied,3,2.0,71.43333333333332,53.574999999999996,1,1,13,0.8365079365079364
219,Male,32,Miami,Silver,670.3,10,3.8,1,33,Unsatisfied,1,1.0,67.03,20.946875,0,0,4,0.3904761904761904
220,Female,36,Houston,Bronze,460.5,8,3.1,0,19,Neutral,2,0.0,57.5625,12.791666666666666,1,0,4,0.4793650793650793
221,Female,30,New York,Gold,1190.8,16,4.5,1,20,Satisfied,3,2.0,74.425,39.693333333333335,1,1,10,0.7730158730158729
222,Male,33,Los Angeles,Silver,830.75,13,4.2,0,14,Satisfied,3,1.0,63.90384615384615,25.174242424242426,1,1,10,0.7111111111111111
223,Female,42,Chicago,Bronze,520.4,9,3.5,1,37,Unsatisfied,1,0.0,57.82222222222222,12.390476190476189,0,0,3,0.2650793650793651
224,Male,29,San Francisco,Gold,1370.2,18,4.7,0,10,Satisfied,3,2.0,76.12222222222222,47.248275862068965,1,1,13,0.8365079365079364
225,Male,26,Miami,Silver,690.6,12,3.9,1,47,Unsatisfied,1,1.0,57.550000000000004,26.56153846153846,0,0,4,0.30158730158730157
226,Female,38,Houston,Bronze,440.9,8,3.2,0,24,Neutral,2,0.0,55.1125,11.602631578947367,1,0,3,0.4476190476190476
227,Female,32,New York,Gold,1160.3,14,4.4,1,22,Satisfied,3,2.0,82.87857142857142,36.259375,1,1,9,0.7603174603174603
228,Male,34,Los Angeles,Silver,800.2,11,4.1,0,17,Neutral,2,1.0,72.74545454545455,23.53529411764706,1,1,7,0.5920634920634921
229,Female,43,Chicago,Bronze,500.75,10,3.3,1,40,Unsatisfied,1,0.0,50.075,11.645348837209303,0,0,3,0.24603174603174605
230,Male,30,San Francisco,Gold,1460.5,20,4.8,0,12,Satisfied,3,2.0,73.025,48.68333333333333,1,1,13,0.8238095238095238
231,Male,27,Miami,Silver,700.4,13,4.0,1,53,Unsatisfied,1,1.0,53.87692307692308,25.94074074074074,0,0,5,0.26349206349206344
232,Female,37,Houston,Bronze,420.8,7,3.1,0,21,Neutral,2,0.0,60.114285714285714,11.372972972972974,1,0,3,0.4666666666666667
233,Female,31,New York,Gold,1130.6,15,4.5,1,26,Satisfied,3,2.0,75.37333333333332,36.47096774193548,1,1,9,0.7349206349206349
234,Male,35,Los Angeles,Silver,820.9,12,4.3,0,12,Neutral,2,1.0,68.40833333333333,23.454285714285714,1,1,10,0.6238095238095238
235,Female,41,Chicago,Bronze,480.25,9,3.6,1,38,Unsatisfied,1,0.0,53.361111111111114,11.713414634146341,0,0,2,0.25873015873015875
236,Male,28,San Francisco,Gold,1490.1,21,4.9,0,9,Satisfied,3,2.0,70.95714285714286,53.21785714285714,1,1,13,0.8428571428571429
237,Male,32,Miami,Silver,680.3,10,3.8,1,32,Unsatisfied,1,1.0,68.03,21.259375,0,0,4,0.3968253968253968
238,Female,36,Houston,Bronze,470.5,8,3.0,0,18,Neutral,2,0.0,58.8125,13.069444444444445,1,0,4,0.48571428571428577
239,Female,30,New York,Gold,1180.8,16,4.7,1,19,Satisfied,3,2.0,73.8,39.36,1,1,10,0.7793650793650793
240,Male,34,Los Angeles,Silver,790.2,11,4.0,0,15,Neutral,2,1.0,71.83636363636364,23.241176470588236,1,1,7,0.6047619047619047
241,Female,43,Chicago,Bronze,505.75,10,3.3,1,39,Unsatisfied,1,0.0,50.575,11.761627906976743,0,0,4,0.2523809523809524
242,Male,30,San Francisco,Gold,1470.5,20,4.8,0,13,Satisfied,3,2.0,73.525,49.016666666666666,1,1,13,0.8174603174603174
243,Male,27,Miami,Silver,710.4,13,4.1,1,54,Unsatisfied,1,1.0,54.646153846153844,26.31111111111111,0,0,5,0.2571428571428571
244,Female,37,Houston,Bronze,430.8,7,3.4,0,23,Neutral,2,0.0,61.542857142857144,11.643243243243244,1,0,3,0.4539682539682539
245,Female,31,New York,Gold,1130.6,15,4.5,1,26,Satisfied,3,2.0,75.37333333333332,36.47096774193548,1,1,9,0.7349206349206349
246,Male,35,Los Angeles,Silver,820.9,12,4.3,0,12,Neutral,2,1.0,68.40833333333333,23.454285714285714,1,1,10,0.6238095238095238
247,Female,41,Chicago,Bronze,480.25,9,3.6,1,38,Unsatisfied,1,0.0,53.361111111111114,11.713414634146341,0,0,2,0.25873015873015875
248,Male,28,San Francisco,Gold,1490.1,21,4.9,0,9,Satisfied,3,2.0,70.95714285714286,53.21785714285714,1,1,13,0.8428571428571429
249,Male,32,Miami,Silver,680.3,10,3.8,1,32,Unsatisfied,1,1.0,68.03,21.259375,0,0,4,0.3968253968253968
250,Female,36,Houston,Bronze,470.5,8,3.0,0,18,Neutral,2,0.0,58.8125,13.069444444444445,1,0,4,0.48571428571428577
251,Female,30,New York,Gold,1180.8,16,4.7,1,19,Satisfied,3,2.0,73.8,39.36,1,1,10,0.7793650793650793
252,Male,34,Los Angeles,Silver,790.2,11,4.0,0,15,Neutral,2,1.0,71.83636363636364,23.241176470588236,1,1,7,0.6047619047619047
253,Female,43,Chicago,Bronze,505.75,10,3.3,1,39,Unsatisfied,1,0.0,50.575,11.761627906976743,0,0,4,0.2523809523809524
254,Male,30,San Francisco,Gold,1470.5,20,4.8,0,13,Satisfied,3,2.0,73.525,49.016666666666666,1,1,13,0.8174603174603174
255,Male,27,Miami,Silver,710.4,13,4.1,1,54,Unsatisfied,1,1.0,54.646153846153844,26.31111111111111,0,0,5,0.2571428571428571
256,Female,37,Houston,Bronze,430.8,7,3.4,0,23,Neutral,2,0.0,61.542857142857144,11.643243243243244,1,0,3,0.4539682539682539
257,Female,31,New York,Gold,1140.6,15,4.6,1,27,Satisfied,3,2.0,76.03999999999999,36.79354838709677,1,1,9,0.7285714285714285
258,Male,35,Los Angeles,Silver,810.9,12,4.3,0,13,Neutral,2,1.0,67.575,23.16857142857143,1,1,9,0.6174603174603175
259,Female,41,Chicago,Bronze,485.25,9,3.6,1,39,Unsatisfied,1,0.0,53.916666666666664,11.835365853658537,0,0,2,0.2523809523809524
260,Male,28,San Francisco,Gold,1500.1,21,4.9,0,10,Satisfied,3,2.0,71.43333333333332,53.574999999999996,1,1,13,0.8365079365079364
261,Male,32,Miami,Silver,670.3,10,3.8,1,33,Unsatisfied,1,1.0,67.03,20.946875,0,0,4,0.3904761904761904
262,Female,36,Houston,Bronze,460.5,8,3.1,0,19,Neutral,2,0.0,57.5625,12.791666666666666,1,0,4,0.4793650793650793
263,Female,30,New York,Gold,1190.8,16,4.5,1,20,Satisfied,3,2.0,74.425,39.693333333333335,1,1,10,0.7730158730158729
264,Male,33,Los Angeles,Silver,830.75,13,4.2,0,14,Satisfied,3,1.0,63.90384615384615,25.174242424242426,1,1,10,0.7111111111111111
265,Female,42,Chicago,Bronze,520.4,9,3.5,1,37,Unsatisfied,1,0.0,57.82222222222222,12.390476190476189,0,0,3,0.2650793650793651
266,Male,29,San Francisco,Gold,1370.2,18,4.7,0,10,Satisfied,3,2.0,76.12222222222222,47.248275862068965,1,1,13,0.8365079365079364
267,Male,26,Miami,Silver,690.6,12,3.9,1,47,Unsatisfied,1,1.0,57.550000000000004,26.56153846153846,0,0,4,0.30158730158730157
268,Female,38,Houston,Bronze,440.9,8,3.2,0,24,Neutral,2,0.0,55.1125,11.602631578947367,1,0,3,0.4476190476190476
269,Female,32,New York,Gold,1160.3,14,4.4,1,22,Satisfied,3,2.0,82.87857142857142,36.259375,1,1,9,0.7603174603174603
270,Male,34,Los Angeles,Silver,800.2,11,4.1,0,17,Neutral,2,1.0,72.74545454545455,23.53529411764706,1,1,7,0.5920634920634921
271,Female,43,Chicago,Bronze,500.75,10,3.3,1,40,Unsatisfied,1,0.0,50.075,11.645348837209303,0,0,3,0.24603174603174605
272,Male,30,San Francisco,Gold,1460.5,20,4.8,0,12,Satisfied,3,2.0,73.025,48.68333333333333,1,1,13,0.8238095238095238
273,Male,27,Miami,Silver,700.4,13,4.0,1,53,Unsatisfied,1,1.0,53.87692307692308,25.94074074074074,0,0,5,0.26349206349206344
274,Female,37,Houston,Bronze,430.8,7,3.4,0,23,Neutral,2,0.0,61.542857142857144,11.643243243243244,1,0,3,0.4539682539682539
275,Female,31,New York,Gold,1140.6,15,4.5,1,27,Satisfied,3,2.0,76.03999999999999,36.79354838709677,1,1,9,0.7285714285714285
276,Male,35,Los Angeles,Silver,820.9,12,4.3,0,12,Neutral,2,1.0,68.40833333333333,23.454285714285714,1,1,10,0.6238095238095238
277,Female,41,Chicago,Bronze,480.25,9,3.6,1,38,Unsatisfied,1,0.0,53.361111111111114,11.713414634146341,0,0,2,0.25873015873015875
278,Male,28,San Francisco,Gold,1490.1,21,4.9,0,9,Satisfied,3,2.0,70.95714285714286,53.21785714285714,1,1,13,0.8428571428571429
279,Male,32,Miami,Silver,680.3,10,3.8,1,32,Unsatisfied,1,1.0,68.03,21.259375,0,0,4,0.3968253968253968
280,Female,36,Houston,Bronze,470.5,8,3.0,0,18,Neutral,2,0.0,58.8125,13.069444444444445,1,0,4,0.48571428571428577
281,Female,30,New York,Gold,1180.8,16,4.7,1,19,Satisfied,3,2.0,73.8,39.36,1,1,10,0.7793650793650793
282,Male,34,Los Angeles,Silver,790.2,11,4.0,0,15,Neutral,2,1.0,71.83636363636364,23.241176470588236,1,1,7,0.6047619047619047
283,Female,43,Chicago,Bronze,505.75,10,3.3,1,39,Unsatisfied,1,0.0,50.575,11.761627906976743,0,0,4,0.2523809523809524
284,Male,30,San Francisco,Gold,1470.5,20,4.8,0,13,Satisfied,3,2.0,73.525,49.016666666666666,1,1,13,0.8174603174603174
285,Male,27,Miami,Silver,710.4,13,4.1,1,54,Unsatisfied,1,1.0,54.646153846153844,26.31111111111111,0,0,5,0.2571428571428571
286,Female,37,Houston,Bronze,430.8,7,3.4,0,23,Neutral,2,0.0,61.542857142857144,11.643243243243244,1,0,3,0.4539682539682539
287,Female,31,New York,Gold,1130.6,15,4.5,1,26,Satisfied,3,2.0,75.37333333333332,36.47096774193548,1,1,9,0.7349206349206349
288,Male,35,Los Angeles,Silver,820.9,12,4.3,0,13,Neutral,2,1.0,68.40833333333333,23.454285714285714,1,1,10,0.6174603174603175
289,Female,41,Chicago,Bronze,485.25,9,3.6,1,39,Unsatisfied,1,0.0,53.916666666666664,11.835365853658537,0,0,2,0.2523809523809524
290,Male,28,San Francisco,Gold,1500.1,21,4.9,0,10,Satisfied,3,2.0,71.43333333333332,53.574999999999996,1,1,13,0.8365079365079364
291,Male,32,Miami,Silver,670.3,10,3.8,1,33,Unsatisfied,1,1.0,67.03,20.946875,0,0,4,0.3904761904761904
292,Female,36,Houston,Bronze,460.5,8,3.1,0,19,Neutral,2,0.0,57.5625,12.791666666666666,1,0,4,0.4793650793650793
293,Female,30,New York,Gold,1190.8,16,4.5,1,20,Satisfied,3,2.0,74.425,39.693333333333335,1,1,10,0.7730158730158729
294,Male,33,Los Angeles,Silver,830.75,13,4.2,0,14,Satisfied,3,1.0,63.90384615384615,25.174242424242426,1,1,10,0.7111111111111111
295,Female,42,Chicago,Bronze,520.4,9,3.5,1,37,Unsatisfied,1,0.0,57.82222222222222,12.390476190476189,0,0,3,0.2650793650793651
296,Male,29,San Francisco,Gold,1370.2,18,4.7,0,10,Satisfied,3,2.0,76.12222222222222,47.248275862068965,1,1,13,0.8365079365079364
297,Male,26,Miami,Silver,690.6,12,3.9,1,47,Unsatisfied,1,1.0,57.550000000000004,26.56153846153846,0,0,4,0.30158730158730157
298,Female,38,Houston,Bronze,440.9,8,3.2,0,24,Neutral,2,0.0,55.1125,11.602631578947367,1,0,3,0.4476190476190476
299,Female,32,New York,Gold,1160.3,14,4.4,1,22,Satisfied,3,2.0,82.87857142857142,36.259375,1,1,9,0.7603174603174603
300,Male,34,Los Angeles,Silver,800.2,11,4.1,0,17,Neutral,2,1.0,72.74545454545455,23.53529411764706,1,1,7,0.5920634920634921
301,Male,36,San Francisco,Gold,1420.8,19,4.6,0,11,Satisfied,3,2.0,74.77894736842104,39.46666666666667,1,1,13,0.8301587301587301
302,Female,29,Miami,Silver,730.4,14,4.0,1,50,Unsatisfied,1,1.0,52.17142857142857,25.186206896551724,0,0,6,0.28253968253968254
303,Female,35,Houston,Bronze,450.6,7,3.3,0,21,Neutral,2,0.0,64.37142857142858,12.874285714285715,1,0,3,0.4666666666666667
304,Male,31,New York,Gold,1210.6,17,4.8,1,18,Satisfied,3,2.0,71.21176470588235,39.0516129032258,1,1,12,0.7857142857142857
305,Male,27,Los Angeles,Silver,780.9,11,4.2,0,16,Neutral,2,1.0,70.99090909090908,28.92222222222222,1,1,7,0.5984126984126984
306,Female,42,Chicago,Bronze,495.25,10,3.5,1,35,Unsatisfied,1,0.0,49.525,11.791666666666666,0,0,4,0.2777777777777778
307,Male,29,San Francisco,Gold,1390.2,18,4.7,0,9,Satisfied,3,2.0,77.23333333333333,47.93793103448276,1,1,13,0.8428571428571429
308,Male,26,Miami,Silver,670.6,12,3.9,1,46,Unsatisfied,1,1.0,55.88333333333333,25.792307692307695,0,0,4,0.30793650793650795
309,Female,38,Houston,Bronze,460.9,8,3.2,0,25,Neutral,2,0.0,57.6125,12.128947368421052,1,0,3,0.44126984126984126
310,Female,32,New York,Gold,1170.3,14,4.5,1,21,Satisfied,3,2.0,83.59285714285714,36.571875,1,1,9,0.7666666666666666
311,Male,34,Los Angeles,Silver,810.2,11,4.0,0,14,Neutral,2,1.0,73.65454545454546,23.829411764705885,1,1,8,0.611111111111111
312,Female,43,Chicago,Bronze,515.75,9,3.3,1,38,Unsatisfied,1,0.0,57.30555555555556,11.994186046511627,0,0,3,0.25873015873015875
313,Male,30,San Francisco,Gold,1450.5,20,4.8,0,12,Satisfied,3,2.0,72.525,48.35,1,1,13,0.8238095238095238
314,Male,27,Miami,Silver,690.4,13,4.1,1,52,Unsatisfied,1,1.0,53.107692307692304,25.57037037037037,0,0,4,0.2698412698412698
315,Female,37,Houston,Bronze,420.8,7,3.4,0,24,Neutral,2,0.0,60.114285714285714,11.372972972972974,1,0,3,0.4476190476190476
316,Female,31,New York,Gold,1130.6,15,4.5,1,26,Satisfied,3,2.0,75.37333333333332,36.47096774193548,1,1,9,0.7349206349206349
317,Male,35,Los Angeles,Silver,820.9,12,4.3,0,13,Neutral,2,1.0,68.40833333333333,23.454285714285714,1,1,10,0.6174603174603175
318,Female,41,Chicago,Bronze,480.25,9,3.6,1,39,Unsatisfied,1,0.0,53.361111111111114,11.713414634146341,0,0,2,0.2523809523809524
319,Male,28,San Francisco,Gold,1490.1,21,4.9,0,9,Satisfied,3,2.0,70.95714285714286,53.21785714285714,1,1,13,0.8428571428571429
320,Male,32,Miami,Silver,680.3,10,3.8,1,32,Unsatisfied,1,1.0,68.03,21.259375,0,0,4,0.3968253968253968
321,Female,36,Houston,Bronze,470.5,8,3.0,0,18,Neutral,2,0.0,58.8125,13.069444444444445,1,0,4,0.48571428571428577
322,Female,30,New York,Gold,1180.8,16,4.7,1,19,Satisfied,3,2.0,73.8,39.36,1,1,10,0.7793650793650793
323,Male,34,Los Angeles,Silver,790.2,11,4.0,0,15,Neutral,2,1.0,71.83636363636364,23.241176470588236,1,1,7,0.6047619047619047
324,Female,43,Chicago,Bronze,505.75,10,3.3,1,39,Unsatisfied,1,0.0,50.575,11.761627906976743,0,0,4,0.2523809523809524
325,Male,30,San Francisco,Gold,1470.5,20,4.8,0,13,Satisfied,3,2.0,73.525,49.016666666666666,1,1,13,0.8174603174603174
326,Male,27,Miami,Silver,710.4,13,4.1,1,54,Unsatisfied,1,1.0,54.646153846153844,26.31111111111111,0,0,5,0.2571428571428571
327,Female,37,Houston,Bronze,430.8,7,3.4,0,23,Neutral,2,0.0,61.542857142857144,11.643243243243244,1,0,3,0.4539682539682539
328,Female,31,New York,Gold,1140.6,15,4.5,1,27,Satisfied,3,2.0,76.03999999999999,36.79354838709677,1,1,9,0.7285714285714285
329,Male,35,Los Angeles,Silver,820.9,12,4.3,0,13,Neutral,2,1.0,68.40833333333333,23.454285714285714,1,1,10,0.6174603174603175
330,Female,41,Chicago,Bronze,485.25,9,3.6,1,39,Unsatisfied,1,0.0,53.916666666666664,11.835365853658537,0,0,2,0.2523809523809524
331,Male,28,San Francisco,Gold,1500.1,21,4.9,0,10,Satisfied,3,2.0,71.43333333333332,53.574999999999996,1,1,13,0.8365079365079364
332,Male,32,Miami,Silver,670.3,10,3.8,1,33,Unsatisfied,1,1.0,67.03,20.946875,0,0,4,0.3904761904761904
333,Female,36,Houston,Bronze,460.5,8,3.1,0,19,Neutral,2,0.0,57.5625,12.791666666666666,1,0,4,0.4793650793650793
334,Female,30,New York,Gold,1190.8,16,4.5,1,20,Satisfied,3,2.0,74.425,39.693333333333335,1,1,10,0.7730158730158729
335,Male,33,Los Angeles,Silver,830.75,13,4.2,0,14,Satisfied,3,1.0,63.90384615384615,25.174242424242426,1,1,10,0.7111111111111111
336,Female,42,Chicago,Bronze,520.4,9,3.5,1,37,Unsatisfied,1,0.0,57.82222222222222,12.390476190476189,0,0,3,0.2650793650793651
337,Male,29,San Francisco,Gold,1370.2,18,4.7,0,10,Satisfied,3,2.0,76.12222222222222,47.248275862068965,1,1,13,0.8365079365079364
338,Male,26,Miami,Silver,690.6,12,3.9,1,47,Unsatisfied,1,1.0,57.550000000000004,26.56153846153846,0,0,4,0.30158730158730157
339,Female,38,Houston,Bronze,440.9,8,3.2,0,24,Neutral,2,0.0,55.1125,11.602631578947367,1,0,3,0.4476190476190476
340,Female,32,New York,Gold,1160.3,14,4.4,1,22,Satisfied,3,2.0,82.87857142857142,36.259375,1,1,9,0.7603174603174603
341,Male,34,Los Angeles,Silver,800.2,11,4.1,0,17,Neutral,2,1.0,72.74545454545455,23.53529411764706,1,1,7,0.5920634920634921
342,Female,43,Chicago,Bronze,525.75,9,3.3,1,40,Unsatisfied,1,0.0,58.416666666666664,12.226744186046512,0,0,2,0.24603174603174605
343,Male,30,San Francisco,Gold,1460.5,20,4.8,0,11,Satisfied,3,2.0,73.025,48.68333333333333,1,1,13,0.8301587301587301
344,Male,27,Miami,Silver,720.4,13,4.0,1,55,Unsatisfied,1,1.0,55.41538461538461,26.68148148148148,0,0,5,0.2507936507936508
345,Female,37,Houston,Bronze,440.8,7,3.2,0,25,Neutral,2,0.0,62.971428571428575,11.913513513513514,1,0,3,0.44126984126984126
346,Female,31,New York,Gold,1150.6,15,4.5,1,28,Satisfied,3,2.0,76.70666666666666,37.11612903225806,1,1,8,0.7222222222222222
347,Male,35,Los Angeles,Silver,830.9,12,4.3,0,14,Neutral,2,1.0,69.24166666666666,23.74,1,1,10,0.611111111111111
348,Female,41,Chicago,Bronze,490.25,9,3.6,1,40,Unsatisfied,1,0.0,54.47222222222222,11.957317073170731,0,0,2,0.24603174603174605
349,Male,28,San Francisco,Gold,1480.1,21,4.9,0,10,Satisfied,3,2.0,70.48095238095237,52.86071428571428,1,1,13,0.8365079365079364
350,Male,32,Miami,Silver,690.3,10,3.8,1,34,Unsatisfied,1,1.0,69.03,21.571875,0,0,4,0.3841269841269841
351,Female,36,Houston,Bronze,480.5,8,3.1,0,20,Neutral,2,0.0,60.0625,13.347222222222221,1,0,4,0.473015873015873
352,Female,30,New York,Gold,1170.8,16,4.7,1,21,Satisfied,3,2.0,73.175,39.026666666666664,1,1,9,0.7666666666666666
353,Male,34,Los Angeles,Silver,790.2,11,4.0,0,15,Neutral,2,1.0,71.83636363636364,23.241176470588236,1,1,7,0.6047619047619047
354,Female,43,Chicago,Bronze,510.75,10,3.3,1,41,Unsatisfied,1,0.0,51.075,11.877906976744185,0,0,3,0.23968253968253966
355,Male,30,San Francisco,Gold,1440.5,19,4.6,0,12,Satisfied,3,2.0,75.8157894736842,48.016666666666666,1,1,13,0.8238095238095238
356,Male,27,Miami,Silver,700.4,13,4.1,1,56,Unsatisfied,1,1.0,53.87692307692308,25.94074074074074,0,0,5,0.24444444444444446
357,Female,37,Houston,Bronze,410.8,7,3.4,0,26,Neutral,2,0.0,58.68571428571429,11.102702702702704,1,0,3,0.43492063492063493
358,Female,31,New York,Gold,1160.6,15,4.5,1,29,Satisfied,3,2.0,77.37333333333332,37.438709677419354,1,1,8,0.7158730158730159
359,Male,35,Los Angeles,Silver,810.9,12,4.3,0,14,Neutral,2,1.0,67.575,23.16857142857143,1,1,9,0.611111111111111
360,Female,41,Chicago,Bronze,495.25,9,3.6,1,41,Unsatisfied,1,0.0,55.02777777777778,12.079268292682928,0,0,2,0.23968253968253966
361,Male,28,San Francisco,Gold,1490.1,21,4.9,0,10,Satisfied,3,2.0,70.95714285714286,53.21785714285714,1,1,13,0.8365079365079364
362,Male,32,Miami,Silver,660.3,10,3.8,1,35,Unsatisfied,1,1.0,66.03,20.634375,0,0,4,0.37777777777777777
363,Female,36,Houston,Bronze,430.5,8,3.1,0,21,Neutral,2,0.0,53.8125,11.958333333333334,1,0,3,0.4666666666666667
364,Female,30,New York,Gold,1200.8,16,4.7,1,22,Satisfied,3,2.0,75.05,40.026666666666664,1,1,10,0.7603174603174603
365,Male,34,Los Angeles,Silver,780.2,11,4.1,0,16,Neutral,2,1.0,70.92727272727274,22.947058823529414,1,0,7,0.5984126984126984
366,Female,43,Chicago,Bronze,505.75,10,3.3,1,42,Unsatisfied,1,0.0,50.575,11.761627906976743,0,0,3,0.23333333333333334
367,Male,30,San Francisco,Gold,1460.5,20,4.8,0,13,Satisfied,3,2.0,73.025,48.68333333333333,1,1,13,0.8174603174603174
368,Male,27,Miami,Silver,710.4,13,4.1,1,57,Unsatisfied,1,1.0,54.646153846153844,26.31111111111111,0,0,5,0.23809523809523808
369,Female,37,Houston,Bronze,450.8,7,3.4,0,24,Neutral,2,0.0,64.4,12.183783783783785,1,0,3,0.4476190476190476
370,Female,31,New York,Gold,1140.6,15,4.5,1,30,Satisfied,3,2.0,76.03999999999999,36.79354838709677,0,1,8,0.7095238095238094
371,Male,35,Los Angeles,Silver,800.9,12,4.1,0,17,Neutral,2,1.0,66.74166666666666,22.88285714285714,1,1,8,0.5920634920634921
372,Female,41,Chicago,Bronze,475.25,9,3.6,1,42,Unsatisfied,1,0.0,52.80555555555556,11.591463414634147,0,0,1,0.23333333333333334
373,Male,28,San Francisco,Gold,1480.1,21,4.9,0,11,Satisfied,3,2.0,70.48095238095237,52.86071428571428,1,1,13,0.8301587301587301
374,Male,32,Miami,Silver,660.3,10,3.8,1,36,Unsatisfied,1,1.0,66.03,20.634375,0,0,4,0.37142857142857144
375,Female,36,Houston,Bronze,470.5,8,3.0,0,22,Neutral,2,0.0,58.8125,13.069444444444445,1,0,3,0.46031746031746035
376,Female,30,New York,Gold,1190.8,16,4.5,1,23,Satisfied,3,2.0,74.425,39.693333333333335,1,1,9,0.753968253968254
377,Male,33,Los Angeles,Silver,770.2,11,4.2,0,18,Neutral,2,1.0,70.01818181818182,23.33939393939394,1,0,7,0.5857142857142857
378,Female,43,Chicago,Bronze,515.75,10,3.3,1,43,Unsatisfied,1,0.0,51.575,11.994186046511627,0,0,3,0.22698412698412695
379,Male,30,San Francisco,Gold,1450.5,19,4.6,0,12,Satisfied,3,2.0,76.34210526315789,48.35,1,1,13,0.8238095238095238
380,Male,27,Miami,Silver,710.4,13,4.1,1,58,Unsatisfied,1,1.0,54.646153846153844,26.31111111111111,0,0,5,0.23174603174603176
381,Female,37,Houston,Bronze,430.8,7,3.4,0,27,Neutral,2,0.0,61.542857142857144,11.643243243243244,1,0,3,0.42857142857142855
382,Female,31,New York,Gold,1160.6,15,4.5,1,31,Satisfied,3,2.0,77.37333333333332,37.438709677419354,0,1,8,0.7031746031746031
383,Male,35,Los Angeles,Silver,820.9,12,4.3,0,15,Neutral,2,1.0,68.40833333333333,23.454285714285714,1,1,9,0.6047619047619047
384,Female,41,Chicago,Bronze,495.25,9,3.6,1,43,Unsatisfied,1,0.0,55.02777777777778,12.079268292682928,0,0,2,0.22698412698412695
385,Male,28,San Francisco,Gold,1490.1,21,4.9,0,10,Satisfied,3,2.0,70.95714285714286,53.21785714285714,1,1,13,0.8365079365079364
386,Male,32,Miami,Silver,660.3,10,3.8,1,37,Unsatisfied,1,1.0,66.03,20.634375,0,0,4,0.36507936507936506
387,Female,36,Houston,Bronze,440.5,8,3.1,0,23,Neutral,2,0.0,55.0625,12.23611111111111,1,0,3,0.4539682539682539
388,Female,30,New York,Gold,1200.8,16,4.7,1,24,Satisfied,3,2.0,75.05,40.026666666666664,1,1,10,0.7476190476190476
389,Male,34,Los Angeles,Silver,780.2,11,4.1,0,16,Neutral,2,1.0,70.92727272727274,22.947058823529414,1,0,7,0.5984126984126984
390,Female,43,Chicago,Bronze,505.75,10,3.3,1,44,Unsatisfied,1,0.0,50.575,11.761627906976743,0,0,3,0.22063492063492063
391,Male,30,San Francisco,Gold,1460.5,20,4.8,0,13,Satisfied,3,2.0,73.025,48.68333333333333,1,1,13,0.8174603174603174
392,Male,27,Miami,Silver,710.4,13,4.1,1,59,Unsatisfied,1,1.0,54.646153846153844,26.31111111111111,0,0,5,0.22539682539682537
393,Female,37,Houston,Bronze,450.8,7,3.4,0,28,Neutral,2,0.0,64.4,12.183783783783785,1,0,2,0.4222222222222222
394,Female,31,New York,Gold,1140.6,15,4.5,1,32,Satisfied,3,2.0,76.03999999999999,36.79354838709677,0,1,8,0.6968253968253968
395,Male,35,Los Angeles,Silver,800.9,12,4.1,0,17,Neutral,2,1.0,66.74166666666666,22.88285714285714,1,1,8,0.5920634920634921
396,Female,41,Chicago,Bronze,475.25,9,3.6,1,44,Unsatisfied,1,0.0,52.80555555555556,11.591463414634147,0,0,1,0.22063492063492063
397,Male,28,San Francisco,Gold,1480.1,21,4.9,0,12,Satisfied,3,2.0,70.48095238095237,52.86071428571428,1,1,13,0.8238095238095238
398,Male,32,Miami,Silver,660.3,10,3.8,1,38,Unsatisfied,1,1.0,66.03,20.634375,0,0,4,0.35873015873015873
399,Female,36,Houston,Bronze,470.5,8,3.0,0,22,Neutral,2,0.0,58.8125,13.069444444444445,1,0,3,0.46031746031746035
400,Female,30,New York,Gold,1190.8,16,4.5,1,25,Satisfied,3,2.0,74.425,39.693333333333335,1,1,9,0.7412698412698413
401,Male,33,Los Angeles,Silver,800.2,11,4.1,0,18,Neutral,2,1.0,72.74545454545455,24.24848484848485,1,1,7,0.5857142857142857
402,Female,43,Chicago,Bronze,515.75,10,3.3,1,45,Unsatisfied,1,0.0,51.575,11.994186046511627,0,0,3,0.21428571428571427
403,Male,30,San Francisco,Gold,1450.5,19,4.6,0,13,Satisfied,3,2.0,76.34210526315789,48.35,1,1,13,0.8174603174603174
404,Male,27,Miami,Silver,710.4,13,4.1,1,60,Unsatisfied,1,1.0,54.646153846153844,26.31111111111111,0,0,5,0.21904761904761905
405,Female,37,Houston,Bronze,430.8,7,3.4,0,29,Neutral,2,0.0,61.542857142857144,11.643243243243244,1,0,2,0.4158730158730159
406,Female,31,New York,Gold,1160.6,15,4.5,1,33,Satisfied,3,2.0,77.37333333333332,37.438709677419354,0,1,8,0.6904761904761905
407,Male,35,Los Angeles,Silver,820.9,12,4.3,0,16,Neutral,2,1.0,68.40833333333333,23.454285714285714,1,1,9,0.5984126984126984
408,Female,41,Chicago,Bronze,495.25,9,3.6,1,45,Unsatisfied,1,0.0,55.02777777777778,12.079268292682928,0,0,2,0.21428571428571427
409,Male,28,San Francisco,Gold,1490.1,21,4.9,0,11,Satisfied,3,2.0,70.95714285714286,53.21785714285714,1,1,13,0.8301587301587301
410,Male,32,Miami,Silver,660.3,10,3.8,1,39,Unsatisfied,1,1.0,66.03,20.634375,0,0,4,0.35238095238095235
411,Female,36,Houston,Bronze,440.5,8,3.1,0,24,Neutral,2,0.0,55.0625,12.23611111111111,1,0,3,0.4476190476190476
412,Female,30,New York,Gold,1200.8,16,4.7,1,25,Satisfied,3,2.0,75.05,40.026666666666664,1,1,10,0.7412698412698413
413,Male,34,Los Angeles,Silver,780.2,11,4.1,0,17,Neutral,2,1.0,70.92727272727274,22.947058823529414,1,0,7,0.5920634920634921
414,Female,43,Chicago,Bronze,505.75,10,3.3,1,46,Unsatisfied,1,0.0,50.575,11.761627906976743,0,0,3,0.20793650793650795
415,Male,30,San Francisco,Gold,1460.5,20,4.8,0,14,Satisfied,3,2.0,73.025,48.68333333333333,1,1,13,0.8111111111111111
416,Male,27,Miami,Silver,710.4,13,4.1,1,61,Unsatisfied,1,1.0,54.646153846153844,26.31111111111111,0,0,5,0.21269841269841266
417,Female,37,Houston,Bronze,450.8,7,3.4,0,30,Neutral,2,0.0,64.4,12.183783783783785,0,0,2,0.4095238095238095
418,Female,31,New York,Gold,1140.6,15,4.5,1,34,Satisfied,3,2.0,76.03999999999999,36.79354838709677,0,1,8,0.6841269841269841
419,Male,35,Los Angeles,Silver,800.9,12,4.1,0,19,Neutral,2,1.0,66.74166666666666,22.88285714285714,1,1,8,0.5793650793650793
420,Female,41,Chicago,Bronze,475.25,9,3.6,1,46,Unsatisfied,1,0.0,52.80555555555556,11.591463414634147,0,0,1,0.20793650793650795
421,Male,28,San Francisco,Gold,1480.1,21,4.9,0,12,Satisfied,3,2.0,70.48095238095237,52.86071428571428,1,1,13,0.8238095238095238
422,Male,32,Miami,Silver,660.3,10,3.8,1,40,Unsatisfied,1,1.0,66.03,20.634375,0,0,3,0.346031746031746
423,Female,36,Houston,Bronze,470.5,8,3.0,0,26,Neutral,2,0.0,58.8125,13.069444444444445,1,0,3,0.43492063492063493
424,Female,30,New York,Gold,1190.8,16,4.5,1,27,Satisfied,3,2.0,74.425,39.693333333333335,1,1,9,0.7285714285714285
425,Male,34,Los Angeles,Silver,780.2,11,4.2,0,18,Neutral,2,1.0,70.92727272727274,22.947058823529414,1,0,7,0.5857142857142857
426,Female,43,Chicago,Bronze,515.75,10,3.3,1,47,Unsatisfied,1,0.0,51.575,11.994186046511627,0,0,3,0.2015873015873016
427,Male,30,San Francisco,Gold,1450.5,19,4.6,0,14,Satisfied,3,2.0,76.34210526315789,48.35,1,1,13,0.8111111111111111
428,Male,27,Miami,Silver,710.4,13,4.1,1,62,Unsatisfied,1,1.0,54.646153846153844,26.31111111111111,0,0,5,0.20634920634920634
429,Female,37,Houston,Bronze,430.8,7,3.4,0,31,Neutral,2,0.0,61.542857142857144,11.643243243243244,0,0,2,0.4031746031746032
430,Female,31,New York,Gold,1160.6,15,4.5,1,35,Satisfied,3,2.0,77.37333333333332,37.438709677419354,0,1,8,0.6777777777777777
431,Male,35,Los Angeles,Silver,820.9,12,4.3,0,20,Neutral,2,1.0,68.40833333333333,23.454285714285714,1,1,9,0.573015873015873
432,Female,41,Chicago,Bronze,495.25,9,3.6,1,47,Unsatisfied,1,0.0,55.02777777777778,12.079268292682928,0,0,2,0.2015873015873016
433,Male,28,San Francisco,Gold,1490.1,21,4.9,0,11,Satisfied,3,2.0,70.95714285714286,53.21785714285714,1,1,13,0.8301587301587301
434,Male,32,Miami,Silver,660.3,10,3.8,1,41,Unsatisfied,1,1.0,66.03,20.634375,0,0,3,0.33968253968253964
435,Female,36,Houston,Bronze,440.5,8,3.1,0,28,Neutral,2,0.0,55.0625,12.23611111111111,1,0,2,0.4222222222222222
436,Female,30,New York,Gold,1200.8,16,4.7,1,28,Satisfied,3,2.0,75.05,40.026666666666664,1,1,9,0.7222222222222222
437,Male,34,Los Angeles,Silver,780.2,11,4.1,0,19,Neutral,2,1.0,70.92727272727274,22.947058823529414,1,0,7,0.5793650793650793
438,Female,43,Chicago,Bronze,505.75,10,3.3,1,48,Unsatisfied,1,0.0,50.575,11.761627906976743,0,0,3,0.19523809523809527
439,Male,30,San Francisco,Gold,1460.5,20,4.8,0,15,Satisfied,3,2.0,73.025,48.68333333333333,1,1,12,0.8047619047619048
440,Male,27,Miami,Silver,710.4,13,4.1,1,63,Unsatisfied,1,1.0,54.646153846153844,26.31111111111111,0,0,5,0.19999999999999998
441,Female,37,Houston,Bronze,450.8,7,3.4,0,32,Neutral,2,0.0,64.4,12.183783783783785,0,0,2,0.39682539682539686
442,Female,31,New York,Gold,1140.6,15,4.5,1,36,Satisfied,3,2.0,76.03999999999999,36.79354838709677,0,1,8,0.6714285714285714
443,Male,35,Los Angeles,Silver,800.9,12,4.1,0,20,Neutral,2,1.0,66.74166666666666,22.88285714285714,1,1,8,0.573015873015873
444,Female,41,Chicago,Bronze,475.25,9,3.6,1,48,Unsatisfied,1,0.0,52.80555555555556,11.591463414634147,0,0,1,0.19523809523809527
445,Male,28,San Francisco,Gold,1480.1,21,4.9,0,13,Satisfied,3,2.0,70.48095238095237,52.86071428571428,1,1,13,0.8174603174603174
446,Male,32,Miami,Silver,660.3,10,3.8,1,42,Unsatisfied,1,1.0,66.03,20.634375,0,0,3,0.3333333333333333
447,Female,36,Houston,Bronze,470.5,8,3.0,0,27,Neutral,2,0.0,58.8125,13.069444444444445,1,0,3,0.42857142857142855
448,Female,30,New York,Gold,1190.8,16,4.5,1,28,Satisfied,3,2.0,74.425,39.693333333333335,1,1,8,0.7222222222222222
449,Male,34,Los Angeles,Silver,780.2,11,4.2,0,21,Neutral,2,1.0,70.92727272727274,22.947058823529414,1,0,6,0.5666666666666667
450,Female,43,Chicago,Bronze,515.75,10,3.3,1,49,Unsatisfied,1,0.0,51.575,11.994186046511627,0,0,3,0.18888888888888888
10000,Female,35,Miami,Bronze,1190.8,12,4.5,1,29,Satisfied,3,0.0,99.23333333333333,34.02285714285714,1,1,7,0.5158730158730159
10001,Male,35,Miami,Bronze,440.5,13,4.2,0,13,Unsatisfied,1,0.0,33.88461538461539,12.585714285714285,1,0,7,0.4174603174603175
10002,Female,31,Houston,Gold,520.4,16,3.4,1,13,Neutral,2,2.0,32.525,16.787096774193547,1,0,9,0.7174603174603175
10003,Male,36,Houston,Gold,1190.8,21,3.0,1,13,Satisfied,3,2.0,56.7047619047619,33.077777777777776,1,1,12,0.8174603174603174
10004,Male,37,Miami,Silver,1190.8,10,3.2,1,38,Satisfied,3,1.0,119.08,32.18378378378378,0,1,6,0.5587301587301587
10005,Male,43,Los Angeles,Silver,1160.6,9,4.5,1,23,Neutral,2,1.0,128.95555555555555,26.990697674418602,1,1,6,0.5539682539682539
10006,Female,37,New York,Gold,710.4,10,4.6,0,47,Neutral,2,2.0,71.03999999999999,19.2,0,0,4,0.5015873015873016
10007,Female,37,San Francisco,Silver,700.4,14,3.3,1,37,Satisfied,3,1.0,50.028571428571425,18.92972972972973,0,0,7,0.5650793650793651
10008,Female,37,San Francisco,Silver,430.8,10,4.6,1,14,Neutral,2,1.0,43.08,11.643243243243244,1,0,6,0.611111111111111
10009,Female,34,New York,Silver,1160.6,11,4.0,1,32,Neutral,2,1.0,105.5090909090909,34.13529411764706,0,1,6,0.49682539682539684
10010,Female,33,Miami,Bronze,1160.6,10,3.1,0,54,Unsatisfied,1,0.0,116.05999999999999,35.169696969696965,0,1,5,0.15714285714285714
10011,Female,30,Miami,Bronze,1120.2,16,4.5,1,50,Unsatisfied,1,0.0,70.0125,37.34,0,1,7,0.18253968253968256
10012,Female,33,Houston,Gold,1370.2,11,4.2,1,13,Neutral,2,2.0,124.56363636363636,41.52121212121212,1,1,10,0.7174603174603175
10013,Male,34,Chicago,Bronze,800.2,15,4.7,0,21,Neutral,2,0.0,53.34666666666667,23.53529411764706,1,1,8,0.4666666666666667
10014,Female,30,New York,Silver,520.4,18,4.9,0,10,Neutral,2,1.0,28.91111111111111,17.346666666666668,1,0,10,0.6365079365079365
10015,Female,37,Los Angeles,Gold,780.9,10,3.5,0,40,Neutral,2,2.0,78.09,21.105405405405406,0,1,4,0.546031746031746
10016,Male,36,New York,Bronze,830.75,16,4.1,1,19,Unsatisfied,1,0.0,51.921875,23.07638888888889,1,1,10,0.37936507936507935
10017,Male,32,Miami,Bronze,1490.1,8,4.5,1,54,Unsatisfied,1,0.0,186.2625,46.565625,0,1,5,0.15714285714285714
10018,Female,42,Chicago,Gold,430.8,10,3.6,0,25,Satisfied,3,2.0,43.08,10.257142857142858,1,0,4,0.7412698412698413
10019,Female,31,Chicago,Gold,485.25,11,4.6,0,13,Unsatisfied,1,2.0,44.11363636363637,15.653225806451612,1,0,6,0.6174603174603175
10020,Male,41,New York,Gold,1490.1,7,3.1,1,40,Unsatisfied,1,2.0,212.87142857142857,36.34390243902439,0,1,5,0.446031746031746
10021,Female,32,Houston,Bronze,520.4,16,4.1,0,24,Unsatisfied,1,0.0,32.525,16.2625,1,0,7,0.3476190476190476
10022,Male,27,New York,Silver,1420.8,11,3.1,0,27,Neutral,2,1.0,129.16363636363636,52.62222222222222,1,1,8,0.5285714285714286
10023,Female,30,Chicago,Gold,1180.8,16,4.8,1,60,Unsatisfied,1,2.0,73.8,39.36,0,1,7,0.319047619047619
10024,Female,30,San Francisco,Bronze,1160.3,19,3.3,1,33,Satisfied,3,0.0,61.06842105263158,38.67666666666666,0,1,9,0.49047619047619045
10025,Female,28,Los Angeles,Bronze,430.8,11,4.6,1,53,Unsatisfied,1,0.0,39.163636363636364,15.385714285714286,0,0,2,0.16349206349206347
10026,Male,37,Los Angeles,Bronze,830.75,8,3.4,0,10,Unsatisfied,1,0.0,103.84375,22.4527027027027,1,1,8,0.4365079365079365
10027,Male,42,Miami,Silver,690.3,7,3.1,1,10,Unsatisfied,1,1.0,98.61428571428571,16.435714285714283,1,0,6,0.5365079365079365
10028,Female,30,Chicago,Bronze,450.8,11,4.5,1,58,Satisfied,3,0.0,40.981818181818184,15.026666666666667,0,0,2,0.33174603174603173
10029,Female,41,Los Angeles,Bronze,430.8,15,4.0,0,31,Neutral,2,0.0,28.720000000000002,10.507317073170732,0,0,5,0.4031746031746032
10030,Male,31,San Francisco,Bronze,1460.5,13,4.8,0,22,Unsatisfied,1,0.0,112.34615384615384,47.11290322580645,1,1,9,0.3603174603174603
10031,Male,32,San Francisco,Gold,1190.8,7,3.1,1,46,Unsatisfied,1,2.0,170.1142857142857,37.2125,0,1,4,0.40793650793650793
10032,Female,31,Houston,Bronze,710.4,20,4.0,1,21,Satisfied,3,0.0,35.519999999999996,22.916129032258063,1,0,9,0.5666666666666667
10033,Male,35,Houston,Bronze,1180.8,12,3.0,0,19,Unsatisfied,1,0.0,98.39999999999999,33.73714285714286,1,1,9,0.37936507936507935
10034,Female,27,Chicago,Gold,420.8,13,4.5,1,18,Neutral,2,2.0,32.36923076923077,15.585185185185185,1,0,6,0.6857142857142857
10035,Male,33,Chicago,Silver,1460.5,16,3.4,0,17,Satisfied,3,1.0,91.28125,44.25757575757576,1,1,11,0.692063492063492
10036,Female,34,Houston,Bronze,1160.3,18,3.1,1,24,Unsatisfied,1,0.0,64.46111111111111,34.12647058823529,1,1,10,0.3476190476190476
10037,Male,31,Chicago,Bronze,1190.8,7,3.3,0,12,Unsatisfied,1,0.0,170.1142857142857,38.41290322580645,1,1,8,0.4238095238095238
10038,Male,32,Los Angeles,Silver,485.25,12,3.4,0,11,Neutral,2,1.0,40.4375,15.1640625,1,0,7,0.6301587301587301
10039,Female,30,Chicago,Bronze,1140.6,8,4.9,0,41,Neutral,2,0.0,142.575,38.019999999999996,0,1,4,0.3396825396825397
10040,Male,37,San Francisco,Bronze,485.25,20,4.5,1,41,Satisfied,3,0.0,24.2625,13.114864864864865,0,0,5,0.4396825396825397
10041,Male,32,Miami,Bronze,410.8,15,3.8,0,27,Unsatisfied,1,0.0,27.386666666666667,12.8375,1,0,6,0.32857142857142857
10042,Female,32,San Francisco,Gold,1200.8,11,4.4,1,23,Neutral,2,2.0,109.16363636363636,37.525,1,1,8,0.6539682539682539
10043,Female,29,Miami,Gold,660.3,18,3.6,0,15,Unsatisfied,1,2.0,36.68333333333333,22.768965517241377,1,0,9,0.6047619047619047
10044,Male,29,Miami,Gold,485.25,15,4.9,0,24,Satisfied,3,2.0,32.35,16.732758620689655,1,0,6,0.7476190476190476
10045,Female,36,New York,Silver,670.3,10,3.6,1,25,Unsatisfied,1,1.0,67.03,18.619444444444444,1,0,5,0.44126984126984126
10046,Male,28,Miami,Silver,1150.6,16,4.5,1,23,Satisfied,3,1.0,71.9125,41.09285714285714,1,1,9,0.653968253968254
10047,Male,31,Los Angeles,Silver,800.2,16,4.5,0,11,Unsatisfied,1,1.0,50.0125,25.812903225806455,1,1,10,0.5301587301587302
10048,Female,37,Chicago,Bronze,670.3,18,4.3,0,23,Unsatisfied,1,0.0,37.23888888888889,18.116216216216216,1,0,8,0.35396825396825393
10049,Female,36,Chicago,Gold,800.2,8,3.0,1,27,Neutral,2,2.0,100.025,22.227777777777778,1,1,5,0.6285714285714286
10050,Male,32,Houston,Silver,500.75,11,3.2,0,26,Unsatisfied,1,1.0,45.52272727272727,15.6484375,1,0,5,0.43492063492063493
10051,Female,34,San Francisco,Silver,1190.8,15,4.7,0,22,Neutral,2,1.0,79.38666666666667,35.023529411764706,1,1,9,0.5603174603174603
10052,Female,30,Los Angeles,Bronze,670.3,15,3.9,0,16,Neutral,2,0.0,44.68666666666666,22.34333333333333,1,0,8,0.4984126984126984
10053,Male,43,Los Angeles,Silver,770.2,16,3.7,1,10,Unsatisfied,1,1.0,48.1375,17.911627906976744,1,0,10,0.5365079365079365
10054,Male,36,Chicago,Bronze,700.4,9,3.3,0,39,Satisfied,3,0.0,77.82222222222222,19.455555555555556,0,0,4,0.4523809523809524
10055,Female,28,Miami,Gold,1500.1,20,3.6,1,37,Satisfied,3,2.0,75.005,53.574999999999996,0,1,10,0.665079365079365
10056,Male,30,Chicago,Gold,500.75,9,4.8,1,39,Neutral,2,2.0,55.638888888888886,16.691666666666666,0,0,3,0.5523809523809523
10057,Female,27,San Francisco,Gold,800.2,9,4.2,1,19,Satisfied,3,2.0,88.91111111111111,29.63703703703704,1,1,6,0.7793650793650793
10058,Female,35,New York,Gold,800.2,9,3.1,0,15,Satisfied,3,2.0,88.91111111111111,22.862857142857145,1,1,6,0.8047619047619048
10059,Female,37,Chicago,Bronze,1140.6,13,3.4,1,40,Unsatisfied,1,0.0,87.73846153846154,30.827027027027025,0,1,6,0.24603174603174605
10060,Male,38,Houston,Bronze,780.9,9,3.1,0,40,Neutral,2,0.0,86.76666666666667,20.55,0,1,3,0.346031746031746
10061,Male,27,Chicago,Gold,440.8,18,3.8,0,15,Neutral,2,2.0,24.48888888888889,16.325925925925926,1,0,8,0.7047619047619047
10062,Female,43,San Francisco,Bronze,1370.2,10,4.1,1,12,Unsatisfied,1,0.0,137.02,31.865116279069767,1,1,10,0.4238095238095238
10063,Female,43,Chicago,Silver,485.25,18,3.3,1,26,Neutral,2,1.0,26.958333333333332,11.284883720930232,1,0,7,0.5349206349206349
10064,Female,30,Los Angeles,Silver,1190.8,7,4.2,0,39,Satisfied,3,1.0,170.1142857142857,39.693333333333335,0,1,5,0.5523809523809524
10065,Female,37,Chicago,Bronze,430.8,9,4.9,1,25,Neutral,2,0.0,47.86666666666667,11.643243243243244,1,0,3,0.44126984126984126
10066,Male,28,Chicago,Gold,1140.6,12,3.8,1,54,Satisfied,3,2.0,95.05,40.73571428571428,0,1,6,0.5571428571428572
10067,Female,34,San Francisco,Silver,470.5,12,3.0,1,32,Neutral,2,1.0,39.208333333333336,13.838235294117647,0,0,4,0.49682539682539684
10068,Female,30,Miami,Gold,505.75,10,3.8,0,24,Satisfied,3,2.0,50.575,16.858333333333334,1,0,5,0.7476190476190476
10069,Male,37,Chicago,Bronze,440.9,11,4.2,1,40,Satisfied,3,0.0,40.08181818181818,11.916216216216215,0,0,2,0.446031746031746
10070,Male,31,Chicago,Bronze,710.4,9,3.9,1,54,Satisfied,3,0.0,78.93333333333334,22.916129032258063,0,0,3,0.35714285714285715
10071,Female,32,Houston,Gold,800.9,21,4.7,1,50,Satisfied,3,2.0,38.13809523809524,25.028125,0,1,7,0.5825396825396826
10072,Male,30,Houston,Silver,1140.6,7,4.8,0,37,Unsatisfied,1,1.0,162.94285714285712,38.019999999999996,0,1,5,0.36507936507936506
10073,Female,30,Houston,Bronze,780.2,10,4.7,0,12,Unsatisfied,1,0.0,78.02000000000001,26.006666666666668,1,0,8,0.4238095238095238
10074,Male,29,San Francisco,Gold,430.8,13,3.1,0,17,Neutral,2,2.0,33.13846153846154,14.855172413793104,1,0,6,0.692063492063492
10075,Male,33,San Francisco,Bronze,660.3,14,4.8,1,39,Neutral,2,0.0,47.16428571428571,20.009090909090908,0,0,6,0.35238095238095235
10076,Female,30,Houston,Silver,1490.1,13,3.8,0,54,Satisfied,3,1.0,114.62307692307692,49.669999999999995,0,1,7,0.45714285714285713
10077,Female,42,Chicago,Gold,1180.8,18,4.7,1,19,Unsatisfied,1,2.0,65.6,28.114285714285714,1,1,11,0.5793650793650793
10078,Male,32,Los Angeles,Bronze,440.9,8,4.1,1,54,Unsatisfied,1,0.0,55.1125,13.778125,0,0,1,0.15714285714285714
10079,Female,28,Miami,Bronze,1470.5,15,4.7,0,54,Neutral,2,0.0,98.03333333333333,52.517857142857146,0,1,8,0.2571428571428571
10080,Female,27,New York,Bronze,680.3,9,3.2,0,32,Satisfied,3,0.0,75.58888888888889,25.196296296296296,0,0,3,0.49682539682539684
10081,Female,30,Chicago,Gold,660.3,8,4.2,1,19,Neutral,2,2.0,82.5375,22.009999999999998,1,0,5,0.6793650793650793
10082,Male,41,Houston,Silver,1370.2,13,3.9,1,13,Neutral,2,1.0,105.4,33.41951219512195,1,1,11,0.6174603174603175
10083,Male,32,New York,Gold,480.25,21,4.9,0,13,Satisfied,3,2.0,22.86904761904762,15.0078125,1,0,9,0.8174603174603174
10084,Male,34,Los Angeles,Bronze,1140.6,8,4.8,0,11,Satisfied,3,0.0,142.575,33.54705882352941,1,1,8,0.6301587301587301
10085,Male,30,Houston,Silver,480.25,9,4.3,0,40,Neutral,2,1.0,53.361111111111114,16.008333333333333,0,0,1,0.446031746031746
10086,Male,34,Houston,Bronze,495.25,16,4.5,0,18,Satisfied,3,0.0,30.953125,14.566176470588236,1,0,8,0.5857142857142857
10087,Female,36,New York,Gold,800.2,10,3.6,0,20,Satisfied,3,2.0,80.02000000000001,22.227777777777778,1,1,7,0.7730158730158729
10088,Male,30,San Francisco,Silver,480.5,20,3.0,0,23,Neutral,2,1.0,24.025,16.016666666666666,1,0,7,0.5539682539682539
10089,Female,27,San Francisco,Gold,1190.8,13,4.0,0,54,Neutral,2,2.0,91.6,44.1037037037037,0,1,6,0.4571428571428571
10090,Female,31,Los Angeles,Gold,495.25,10,3.1,0,53,Neutral,2,2.0,49.525,15.975806451612904,0,0,3,0.4634920634920634
10091,Male,31,Miami,Silver,1460.5,20,4.0,1,32,Neutral,2,1.0,73.025,47.11290322580645,0,1,10,0.49682539682539684
10092,Female,31,Chicago,Gold,660.3,15,3.8,0,21,Unsatisfied,1,2.0,44.019999999999996,21.299999999999997,1,0,7,0.5666666666666667
10093,Male,36,Houston,Bronze,1470.5,7,4.7,1,19,Neutral,2,0.0,210.07142857142858,40.84722222222222,1,1,8,0.4793650793650793
10094,Male,30,Los Angeles,Bronze,500.75,9,4.7,0,39,Neutral,2,0.0,55.638888888888886,16.691666666666666,0,0,3,0.35238095238095235
10095,Male,43,Houston,Bronze,1460.5,9,3.8,0,33,Unsatisfied,1,0.0,162.27777777777777,33.96511627906977,0,1,6,0.29047619047619044
10096,Female,43,Chicago,Bronze,1460.5,12,4.7,0,22,Satisfied,3,0.0,121.70833333333333,33.96511627906977,1,1,9,0.5603174603174603
10097,Female,32,New York,Silver,480.25,12,4.4,0,39,Unsatisfied,1,1.0,40.020833333333336,15.0078125,0,0,4,0.35238095238095235
10098,Male,30,New York,Gold,420.8,12,3.4,1,53,Unsatisfied,1,2.0,35.06666666666667,14.026666666666667,0,0,3,0.3634920634920634
10099,Female,38,Los Angeles,Gold,690.6,7,4.8,1,22,Neutral,2,2.0,98.65714285714286,18.173684210526318,1,0,4,0.6603174603174603
10100,Male,32,Los Angeles,Silver,495.25,20,4.2,1,30,Unsatisfied,1,1.0,24.7625,15.4765625,0,0,7,0.4095238095238095
10101,Female,32,New York,Silver,430.8,10,4.9,0,13,Unsatisfied,1,1.0,43.08,13.4625,1,0,6,0.5174603174603175
10102,Male,42,New York,Silver,1480.3,20,4.5,1,15,Neutral,2,1.0,74.015,35.24523809523809,1,1,12,0.6047619047619047
10103,Female,31,San Francisco,Gold,700.4,10,3.8,1,24,Satisfied,3,2.0,70.03999999999999,22.593548387096774,1,0,6,0.7476190476190476
10104,Female,34,New York,Silver,1200.8,16,4.2,1,32,Satisfied,3,1.0,75.05,35.317647058823525,0,1,9,0.5968253968253968
10105,Female,27,New York,Gold,1370.2,18,4.0,0,24,Satisfied,3,2.0,76.12222222222222,50.74814814814815,1,1,11,0.7476190476190476
10106,Male,34,Houston,Bronze,1460.5,13,3.1,1,19,Satisfied,3,0.0,112.34615384615384,42.955882352941174,1,1,10,0.5793650793650793
10107,Female,30,Chicago,Bronze,470.5,12,4.0,1,22,Unsatisfied,1,0.0,39.208333333333336,15.683333333333334,1,0,5,0.3603174603174603
10108,Female,36,Los Angeles,Silver,440.9,15,3.1,0,33,Unsatisfied,1,1.0,29.39333333333333,12.247222222222222,0,0,5,0.3904761904761904
10109,Male,30,Houston,Gold,1470.5,8,3.4,1,37,Neutral,2,2.0,183.8125,49.016666666666666,0,1,6,0.5650793650793651
10110,Female,36,New York,Bronze,1200.8,15,4.8,0,41,Neutral,2,0.0,80.05333333333333,33.355555555555554,0,1,8,0.3396825396825397
10111,Male,30,Los Angeles,Silver,430.8,8,4.4,0,14,Unsatisfied,1,1.0,53.85,14.360000000000001,1,0,5,0.5111111111111111
10112,Male,27,New York,Silver,410.8,16,4.1,0,26,Unsatisfied,1,1.0,25.675,15.214814814814815,1,0,6,0.43492063492063493
10113,Male,26,San Francisco,Bronze,1500.1,15,4.0,0,17,Neutral,2,0.0,100.00666666666666,57.69615384615384,1,1,11,0.4920634920634921
10114,Male,36,New York,Bronze,780.5,9,3.1,1,21,Satisfied,3,0.0,86.72222222222223,21.680555555555557,1,1,5,0.5666666666666667
10115,Female,34,Miami,Silver,440.9,9,4.0,0,43,Neutral,2,1.0,48.98888888888889,12.967647058823529,0,0,1,0.4269841269841269
10116,Male,33,San Francisco,Silver,515.75,16,4.1,0,22,Unsatisfied,1,1.0,32.234375,15.628787878787879,1,0,7,0.4603174603174603
10117,Male,36,Miami,Silver,660.3,21,3.3,0,20,Neutral,2,1.0,31.44285714285714,18.341666666666665,1,0,9,0.573015873015873
10118,Male,34,New York,Bronze,485.25,9,3.6,0,41,Satisfied,3,0.0,53.916666666666664,14.272058823529411,0,0,1,0.4396825396825397
10119,Female,32,San Francisco,Bronze,1490.1,8,4.5,1,41,Neutral,2,0.0,186.2625,46.565625,0,1,5,0.3396825396825397
10120,Female,31,Los Angeles,Silver,690.6,7,4.7,0,18,Unsatisfied,1,1.0,98.65714285714286,22.27741935483871,1,0,5,0.4857142857142857
10121,Male,43,Chicago,Bronze,1160.3,11,3.2,1,32,Satisfied,3,0.0,105.48181818181818,26.983720930232558,0,1,6,0.49682539682539684
10122,Male,36,Chicago,Gold,420.8,9,3.8,1,12,Unsatisfied,1,2.0,46.75555555555556,11.68888888888889,1,0,5,0.6238095238095238
10123,Female,28,Miami,Silver,460.9,13,4.1,1,52,Unsatisfied,1,1.0,35.45384615384615,16.460714285714285,0,0,3,0.2698412698412698
10124,Female,28,Los Angeles,Bronze,1480.1,16,3.0,0,47,Satisfied,3,0.0,92.50625,52.86071428571428,0,1,8,0.4015873015873016
10125,Male,30,New York,Bronze,820.9,12,3.6,1,47,Satisfied,3,0.0,68.40833333333333,27.363333333333333,0,1,6,0.4015873015873016
10126,Female,41,Los Angeles,Silver,790.2,21,4.7,0,16,Satisfied,3,1.0,37.62857142857143,19.273170731707317,1,1,10,0.6984126984126984
10127,Male,37,San Francisco,Gold,1180.8,8,3.1,0,54,Unsatisfied,1,2.0,147.6,31.91351351351351,0,1,4,0.3571428571428571
10128,Female,37,Los Angeles,Silver,480.25,16,4.3,0,34,Unsatisfied,1,1.0,30.015625,12.97972972972973,0,0,5,0.3841269841269841
10129,Female,37,Chicago,Bronze,520.4,11,4.5,0,14,Satisfied,3,0.0,47.309090909090905,14.064864864864864,1,0,7,0.6111111111111112
10130,Male,35,New York,Gold,710.4,13,4.8,0,19,Unsatisfied,1,2.0,54.646153846153844,20.297142857142855,1,0,8,0.5793650793650793
10131,Male,31,Los Angeles,Gold,690.4,7,4.5,0,14,Neutral,2,2.0,98.62857142857142,22.270967741935483,1,0,6,0.711111111111111
10132,Male,27,Houston,Bronze,1490.1,13,4.6,0,24,Satisfied,3,0.0,114.62307692307692,55.18888888888888,1,1,9,0.5476190476190477
10133,Female,32,New York,Gold,440.9,13,4.8,1,17,Unsatisfied,1,2.0,33.91538461538461,13.778125,1,0,6,0.5920634920634921
10134,Female,31,Chicago,Gold,690.3,18,3.3,0,10,Satisfied,3,2.0,38.349999999999994,22.26774193548387,1,0,10,0.8365079365079364
10135,Male,27,San Francisco,Bronze,1370.2,7,4.4,0,34,Unsatisfied,1,0.0,195.74285714285716,50.74814814814815,0,1,6,0.2841269841269841
10136,Female,35,Chicago,Bronze,1500.1,13,4.0,0,15,Neutral,2,0.0,115.39230769230768,42.86,1,1,10,0.5047619047619047
10137,Male,35,Chicago,Silver,1180.8,10,4.5,0,17,Unsatisfied,1,1.0,118.08,33.73714285714286,1,1,8,0.49206349206349204
10138,Male,31,Los Angeles,Silver,1450.5,13,4.2,1,46,Satisfied,3,1.0,111.57692307692308,46.79032258064516,0,1,7,0.5079365079365079
10139,Female,32,New York,Bronze,460.5,9,3.6,0,18,Satisfied,3,0.0,51.166666666666664,14.390625,1,0,4,0.5857142857142857
10140,Male,27,New York,Bronze,1140.6,9,3.8,1,10,Satisfied,3,0.0,126.73333333333332,42.24444444444444,1,1,8,0.6365079365079365
10141,Female,32,Miami,Silver,440.9,21,4.9,0,41,Neutral,2,1.0,20.995238095238093,13.778125,0,0,5,0.4396825396825397
10142,Male,34,Los Angeles,Gold,1180.8,16,3.3,1,10,Satisfied,3,2.0,73.8,34.72941176470588,1,1,11,0.8365079365079364
10143,Male,29,Houston,Silver,440.9,9,3.1,0,26,Neutral,2,1.0,48.98888888888889,15.203448275862069,1,0,3,0.5349206349206349
10144,Female,43,Miami,Gold,690.6,11,4.5,1,21,Unsatisfied,1,2.0,62.78181818181818,16.06046511627907,1,0,5,0.5666666666666667
10145,Male,28,New York,Bronze,690.6,15,4.2,1,13,Neutral,2,0.0,46.04,24.664285714285715,1,0,9,0.5174603174603175
10146,Male,41,Chicago,Bronze,505.75,21,4.0,1,37,Neutral,2,0.0,24.083333333333332,12.335365853658537,0,0,7,0.36507936507936506
10147,Female,32,Los Angeles,Gold,810.9,18,3.2,1,27,Satisfied,3,2.0,45.05,25.340625,1,1,9,0.7285714285714285
10148,Female,27,Houston,Silver,780.9,8,3.6,1,43,Unsatisfied,1,1.0,97.6125,28.92222222222222,0,1,3,0.32698412698412693
10149,Male,42,Miami,Bronze,1120.2,18,3.5,1,18,Neutral,2,0.0,62.233333333333334,26.67142857142857,1,1,11,0.48571428571428577
10150,Male,30,Miami,Bronze,440.9,21,3.4,0,17,Unsatisfied,1,0.0,20.995238095238093,14.696666666666665,1,0,8,0.39206349206349206
10151,Female,30,Chicago,Bronze,710.4,10,3.5,1,24,Satisfied,3,0.0,71.03999999999999,23.68,1,0,6,0.5476190476190477
10152,Male,35,Los Angeles,Bronze,1370.2,9,3.9,0,18,Unsatisfied,1,0.0,152.24444444444444,39.14857142857143,1,1,8,0.38571428571428573
10153,Male,32,Los Angeles,Silver,1200.8,12,3.3,1,25,Satisfied,3,1.0,100.06666666666666,37.525,1,1,9,0.6412698412698413
10154,Female,28,New York,Silver,700.4,15,4.9,1,55,Unsatisfied,1,1.0,46.693333333333335,25.014285714285712,0,0,6,0.2507936507936508
10155,Male,31,Houston,Bronze,700.6,9,4.5,1,20,Unsatisfied,1,0.0,77.84444444444445,22.6,1,0,6,0.373015873015873
10156,Female,43,New York,Silver,1460.5,7,3.0,1,56,Satisfied,3,1.0,208.64285714285714,33.96511627906977,0,1,5,0.4444444444444444
10157,Female,36,Los Angeles,Silver,810.9,15,4.5,1,41,Unsatisfied,1,1.0,54.059999999999995,22.525,0,1,6,0.33968253968253964
10158,Female,38,Los Angeles,Gold,1180.8,9,4.0,0,15,Satisfied,3,2.0,131.2,31.073684210526313,1,1,7,0.8047619047619048
10159,Female,27,Houston,Silver,1370.2,9,3.6,1,10,Unsatisfied,1,1.0,152.24444444444444,50.74814814814815,1,1,9,0.5365079365079365
10160,Female,30,Miami,Gold,780.2,9,4.2,1,29,Neutral,2,2.0,86.6888888888889,26.006666666666668,1,0,4,0.6158730158730159
10161,Female,31,Houston,Gold,810.9,10,3.0,0,44,Satisfied,3,2.0,81.09,26.15806451612903,0,1,4,0.6206349206349207
10162,Male,31,Los Angeles,Bronze,1470.5,10,4.4,0,9,Unsatisfied,1,0.0,147.05,47.435483870967744,1,1,10,0.4428571428571429
10163,Female,37,New York,Bronze,420.8,10,4.1,1,19,Satisfied,3,0.0,42.08,11.372972972972974,1,0,5,0.5793650793650793
10164,Male,37,Chicago,Gold,780.9,17,4.5,0,21,Unsatisfied,1,2.0,45.93529411764706,21.105405405405406,1,1,9,0.5666666666666667
10165,Male,38,Los Angeles,Gold,500.75,11,4.8,1,34,Satisfied,3,2.0,45.52272727272727,13.177631578947368,0,0,4,0.6841269841269841
10166,Female,41,Los Angeles,Bronze,470.5,16,3.0,0,36,Neutral,2,0.0,29.40625,11.475609756097562,0,0,5,0.37142857142857144
10167,Male,36,Chicago,Silver,800.2,11,4.5,0,13,Satisfied,3,1.0,72.74545454545455,22.227777777777778,1,1,8,0.7174603174603175
10168,Female,43,New York,Gold,1450.5,9,4.0,1,11,Satisfied,3,2.0,161.16666666666666,33.73255813953488,1,1,9,0.8301587301587301
10169,Female,37,San Francisco,Gold,1190.8,10,4.6,0,54,Neutral,2,2.0,119.08,32.18378378378378,0,1,5,0.4571428571428571
10170,Male,36,Chicago,Gold,820.9,15,4.3,0,15,Unsatisfied,1,2.0,54.72666666666667,22.802777777777777,1,1,10,0.6047619047619047
10171,Male,32,San Francisco,Bronze,670.3,7,4.1,0,42,Unsatisfied,1,0.0,95.75714285714285,20.946875,0,0,2,0.23333333333333334
10172,Male,26,Los Angeles,Gold,470.5,10,3.9,0,11,Unsatisfied,1,2.0,47.05,18.096153846153847,1,0,6,0.6301587301587301
10173,Male,37,San Francisco,Bronze,800.2,10,3.4,1,25,Satisfied,3,0.0,80.02000000000001,21.62702702702703,1,1,6,0.5412698412698413
10174,Male,29,San Francisco,Silver,1160.3,15,3.4,0,12,Satisfied,3,1.0,77.35333333333332,40.0103448275862,1,1,11,0.7238095238095238
10175,Female,32,New York,Bronze,800.2,20,3.5,1,20,Neutral,2,0.0,40.010000000000005,25.00625,1,1,10,0.473015873015873
10176,Female,43,Chicago,Gold,1190.8,9,3.3,0,35,Satisfied,3,2.0,132.3111111111111,27.69302325581395,0,1,5,0.6777777777777777
10177,Male,37,Chicago,Silver,1450.5,21,4.3,0,28,Unsatisfied,1,1.0,69.07142857142857,39.2027027027027,1,1,10,0.4222222222222222
10178,Female,27,New York,Gold,430.8,12,4.1,0,27,Satisfied,3,2.0,35.9,15.955555555555556,1,0,5,0.7285714285714285
10179,Female,37,San Francisco,Gold,495.25,17,3.8,0,33,Satisfied,3,2.0,29.13235294117647,13.385135135135135,0,0,7,0.6904761904761905
10180,Male,41,Chicago,Silver,450.9,20,4.1,0,15,Satisfied,3,1.0,22.544999999999998,10.997560975609755,1,0,8,0.7047619047619048
10181,Female,27,Los Angeles,Bronze,790.2,9,4.5,0,18,Neutral,2,0.0,87.80000000000001,29.26666666666667,1,1,6,0.48571428571428577
10182,Male,41,San Francisco,Bronze,520.4,10,3.3,1,37,Satisfied,3,0.0,52.04,12.692682926829267,0,0,4,0.4650793650793651
10183,Male,30,Houston,Bronze,800.9,10,3.3,1,20,Satisfied,3,0.0,80.09,26.696666666666665,1,1,7,0.573015873015873
10184,Male,31,San Francisco,Silver,1460.5,11,4.8,0,22,Unsatisfied,1,1.0,132.77272727272728,47.11290322580645,1,1,8,0.4603174603174603
10185,Male,30,Los Angeles,Bronze,660.3,11,3.3,0,22,Satisfied,3,0.0,60.027272727272724,22.009999999999998,1,0,5,0.5603174603174603
10186,Female,35,Houston,Gold,690.6,21,3.9,1,26,Neutral,2,2.0,32.885714285714286,19.731428571428573,1,0,8,0.6349206349206349
10187,Male,30,Los Angeles,Silver,780.2,7,4.8,0,9,Unsatisfied,1,1.0,111.45714285714287,26.006666666666668,1,0,7,0.5428571428571429
10188,Female,37,Miami,Gold,1160.3,8,4.7,0,10,Unsatisfied,1,2.0,145.0375,31.35945945945946,1,1,8,0.6365079365079365
10189,Female,36,New York,Bronze,810.2,20,4.5,0,24,Unsatisfied,1,0.0,40.510000000000005,22.505555555555556,1,1,9,0.3476190476190476
10190,Female,34,Miami,Gold,420.8,9,4.7,0,58,Satisfied,3,2.0,46.75555555555556,12.376470588235295,0,0,1,0.5317460317460317
10191,Female,30,Los Angeles,Gold,710.4,13,4.5,1,19,Neutral,2,2.0,54.646153846153844,23.68,1,0,8,0.6793650793650793
10192,Male,36,Chicago,Bronze,1370.2,20,4.5,0,40,Satisfied,3,0.0,68.51,38.06111111111111,0,1,9,0.446031746031746
10193,Male,30,Chicago,Bronze,800.9,12,4.8,1,21,Neutral,2,0.0,66.74166666666666,26.696666666666665,1,1,7,0.4666666666666667
10194,Male,26,Miami,Gold,500.75,13,3.4,1,42,Satisfied,3,2.0,38.51923076923077,19.259615384615383,0,0,4,0.6333333333333333
10195,Female,35,Houston,Silver,800.2,20,4.5,1,11,Satisfied,3,1.0,40.010000000000005,22.862857142857145,1,1,11,0.7301587301587301
10196,Female,36,Houston,Bronze,1460.5,12,4.2,0,47,Unsatisfied,1,0.0,121.70833333333333,40.56944444444444,0,1,7,0.2015873015873016
10197,Male,26,San Francisco,Silver,800.2,12,3.6,1,11,Neutral,2,1.0,66.68333333333334,30.77692307692308,1,1,9,0.6301587301587301
10198,Female,28,San Francisco,Bronze,820.9,10,4.1,0,12,Satisfied,3,0.0,82.09,29.317857142857143,1,1,9,0.6238095238095238
10199,Male,28,Los Angeles,Silver,1490.1,11,4.5,0,14,Unsatisfied,1,1.0,135.46363636363637,53.21785714285714,1,1,10,0.5111111111111111
