Customer ID,Gender,Age,City,Membership Type,Total Spend,Items Purchased,Average Rating,Discount Applied,Days Since Last Purchase,Satisfaction Level,Satisfaction Encoded,Membership Encoded,Avg Spend Per Item,Spend Per Age,Recent Buyer,High Spender,RFM_Score,Loyalty Score,CustomerSegment
101,Female,29,New York,Gold,1120.2,14,4.6,1,25,Satisfied,3,2.0,80.01428571428572,38.62758620689655,1,1,9,0.7412698412698413,2
102,Male,34,Los Angeles,Silver,780.5,11,4.1,0,18,Neutral,2,1.0,70.95454545454545,22.955882352941178,1,1,7,0.5857142857142857,3
103,Female,43,Chicago,Bronze,510.75,9,3.4,1,42,Unsatisfied,1,0.0,56.75,11.877906976744184,0,0,2,0.2333333333333333,1
104,Male,30,San Francisco,Gold,1480.3,19,4.7,0,12,Satisfied,3,2.0,77.91052631578947,49.34333333333333,1,1,13,0.8238095238095238,2
105,Male,27,Miami,Silver,720.4,13,4.0,1,55,Unsatisfied,1,1.0,55.41538461538461,26.68148148148148,0,0,5,0.2507936507936508,3
106,Female,37,Houston,Bronze,440.8,8,3.1,0,22,Neutral,2,0.0,55.1,11.913513513513514,1,0,3,0.4603174603174603,1
107,Female,31,New York,Gold,1150.6,15,4.5,1,28,Satisfied,3,2.0,76.70666666666666,37.11612903225806,1,1,8,0.7222222222222222,2
108,Male,35,Los Angeles,Silver,800.9,12,4.2,0,14,Neutral,2,1.0,66.74166666666666,22.88285714285714,1,1,9,0.611111111111111,3
109,Female,41,Chicago,Bronze,495.25,10,3.6,1,40,Unsatisfied,1,0.0,49.525,12.079268292682928,0,0,3,0.246031746031746,1
110,Male,28,San Francisco,Gold,1520.1,21,4.8,0,9,Satisfied,3,2.0,72.38571428571429,54.28928571428571,1,1,13,0.8428571428571429,2
111,Male,32,Miami,Silver,690.3,11,3.8,1,34,Unsatisfied,1,1.0,62.75454545454545,21.571875,0,0,4,0.3841269841269841,3
112,Female,36,Houston,Bronze,470.5,7,3.2,0,20,Neutral,2,0.0,67.21428571428571,13.069444444444445,1,0,4,0.473015873015873,1
113,Female,30,New York,Gold,1200.8,16,4.3,1,21,Satisfied,3,2.0,75.05,40.02666666666666,1,1,10,0.7666666666666666,2
114,Male,33,Los Angeles,Silver,820.75,13,4.4,0,15,Satisfied,3,1.0,63.13461538461539,24.87121212121212,1,1,9,0.7047619047619048,3
115,Female,42,Chicago,Bronze,530.4,9,3.5,1,38,Unsatisfied,1,0.0,58.93333333333333,12.628571428571428,0,0,3,0.2587301587301587,1
116,Male,29,San Francisco,Gold,1360.2,18,4.9,0,11,Satisfied,3,2.0,75.56666666666666,46.90344827586207,1,1,13,0.8301587301587301,2
117,Male,26,Miami,Silver,700.6,12,3.7,1,48,Unsatisfied,1,1.0,58.38333333333333,26.946153846153848,0,0,5,0.2952380952380952,3
118,Female,38,Houston,Bronze,450.9,8,3.0,0,25,Neutral,2,0.0,56.3625,11.86578947368421,1,0,3,0.4412698412698412,1
119,Female,32,New York,Gold,1170.3,14,4.7,1,29,Satisfied,3,2.0,83.59285714285714,36.571875,1,1,8,0.7158730158730159,2
120,Male,34,Los Angeles,Silver,790.2,11,4.0,0,16,Neutral,2,1.0,71.83636363636364,23.24117647058824,1,1,7,0.5984126984126984,3
121,Female,43,Chicago,Bronze,505.75,10,3.3,1,41,Unsatisfied,1,0.0,50.575,11.761627906976743,0,0,3,0.2396825396825396,1
122,Male,30,San Francisco,Gold,1470.5,20,4.8,0,13,Satisfied,3,2.0,73.525,49.016666666666666,1,1,13,0.8174603174603174,2
123,Male,27,Miami,Silver,710.4,13,4.1,1,54,Unsatisfied,1,1.0,54.64615384615384,26.31111111111111,0,0,5,0.2571428571428571,3
124,Female,37,Houston,Bronze,430.8,7,3.4,0,23,Neutral,2,0.0,61.54285714285714,11.643243243243244,1,0,3,0.4539682539682539,1
125,Female,31,New York,Gold,1140.6,15,4.6,1,27,Satisfied,3,2.0,76.03999999999999,36.79354838709677,1,1,9,0.7285714285714285,2
126,Male,35,Los Angeles,Silver,810.9,12,4.3,0,13,Neutral,2,1.0,67.575,23.16857142857143,1,1,9,0.6174603174603175,3
127,Female,41,Chicago,Bronze,485.25,9,3.6,1,39,Unsatisfied,1,0.0,53.91666666666666,11.835365853658535,0,0,2,0.2523809523809524,1
128,Male,28,San Francisco,Gold,1500.1,21,4.9,0,10,Satisfied,3,2.0,71.43333333333332,53.575,1,1,13,0.8365079365079364,2
129,Male,32,Miami,Silver,670.3,10,3.8,1,33,Unsatisfied,1,1.0,67.03,20.946875,0,0,4,0.3904761904761904,3
130,Female,36,Houston,Bronze,460.5,8,3.1,0,19,Neutral,2,0.0,57.5625,12.791666666666666,1,0,4,0.4793650793650793,1
131,Female,30,New York,Gold,1190.8,16,4.5,1,20,Satisfied,3,2.0,74.425,39.693333333333335,1,1,10,0.7730158730158729,2
132,Male,33,Los Angeles,Silver,830.75,13,4.2,0,14,Satisfied,3,1.0,63.90384615384615,25.174242424242426,1,1,10,0.7111111111111111,3
133,Female,42,Chicago,Bronze,520.4,9,3.5,1,37,Unsatisfied,1,0.0,57.82222222222222,12.390476190476187,0,0,3,0.2650793650793651,1
134,Male,29,San Francisco,Gold,1370.2,18,4.7,0,10,Satisfied,3,2.0,76.12222222222222,47.248275862068965,1,1,13,0.8365079365079364,2
135,Male,26,Miami,Silver,690.6,12,3.9,1,47,Unsatisfied,1,1.0,57.55,26.56153846153846,0,0,4,0.3015873015873015,3
136,Female,38,Houston,Bronze,440.9,8,3.2,0,24,Neutral,2,0.0,55.1125,11.602631578947369,1,0,3,0.4476190476190476,1
137,Female,32,New York,Gold,1160.3,14,4.4,1,22,Satisfied,3,2.0,82.87857142857142,36.259375,1,1,9,0.7603174603174603,2
138,Male,34,Los Angeles,Silver,800.2,11,4.1,0,17,Neutral,2,1.0,72.74545454545455,23.53529411764706,1,1,7,0.5920634920634921,3
139,Female,43,Chicago,Bronze,500.75,10,3.3,1,40,Unsatisfied,1,0.0,50.075,11.645348837209305,0,0,3,0.246031746031746,1
140,Male,30,San Francisco,Gold,1460.5,20,4.8,0,12,Satisfied,3,2.0,73.025,48.68333333333333,1,1,13,0.8238095238095238,2
141,Male,27,Miami,Silver,700.4,13,4.0,1,53,Unsatisfied,1,1.0,53.87692307692308,25.94074074074074,0,0,5,0.2634920634920634,3
142,Female,37,Houston,Bronze,420.8,7,3.1,0,21,Neutral,2,0.0,60.114285714285714,11.372972972972974,1,0,3,0.4666666666666667,1
143,Female,31,New York,Gold,1130.6,15,4.5,1,26,Satisfied,3,2.0,75.37333333333332,36.47096774193548,1,1,9,0.7349206349206349,2
144,Male,35,Los Angeles,Silver,820.9,12,4.3,0,12,Neutral,2,1.0,68.40833333333333,23.454285714285717,1,1,10,0.6238095238095238,3
145,Female,41,Chicago,Bronze,480.25,9,3.6,1,38,Unsatisfied,1,0.0,53.36111111111112,11.71341463414634,0,0,2,0.2587301587301587,1
146,Male,28,San Francisco,Gold,1490.1,21,4.9,0,9,Satisfied,3,2.0,70.95714285714286,53.21785714285714,1,1,13,0.8428571428571429,2
147,Male,32,Miami,Silver,680.3,10,3.8,1,32,Unsatisfied,1,1.0,68.03,21.259375,0,0,4,0.3968253968253968,3
148,Female,36,Houston,Bronze,470.5,8,3.0,0,18,Neutral,2,0.0,58.8125,13.069444444444445,1,0,4,0.4857142857142857,1
149,Female,30,New York,Gold,1180.8,16,4.7,1,19,Satisfied,3,2.0,73.8,39.36,1,1,10,0.7793650793650793,2
150,Male,34,Los Angeles,Silver,790.2,11,4.0,0,15,Neutral,2,1.0,71.83636363636364,23.24117647058824,1,1,7,0.6047619047619047,3
151,Female,43,Chicago,Bronze,505.75,10,3.3,1,39,Unsatisfied,1,0.0,50.575,11.761627906976743,0,0,4,0.2523809523809524,1
152,Male,30,San Francisco,Gold,1470.5,20,4.8,0,13,Satisfied,3,2.0,73.525,49.016666666666666,1,1,13,0.8174603174603174,2
153,Male,27,Miami,Silver,710.4,13,4.1,1,54,Unsatisfied,1,1.0,54.64615384615384,26.31111111111111,0,0,5,0.2571428571428571,3
154,Female,37,Houston,Bronze,430.8,7,3.4,0,23,Neutral,2,0.0,61.54285714285714,11.643243243243244,1,0,3,0.4539682539682539,1
155,Female,31,New York,Gold,1140.6,15,4.6,1,27,Satisfied,3,2.0,76.03999999999999,36.79354838709677,1,1,9,0.7285714285714285,2
156,Male,35,Los Angeles,Silver,810.9,12,4.3,0,13,Neutral,2,1.0,67.575,23.16857142857143,1,1,9,0.6174603174603175,3
157,Female,41,Chicago,Bronze,485.25,9,3.6,1,39,Unsatisfied,1,0.0,53.91666666666666,11.835365853658535,0,0,2,0.2523809523809524,1
158,Male,28,San Francisco,Gold,1500.1,21,4.9,0,10,Satisfied,3,2.0,71.43333333333332,53.575,1,1,13,0.8365079365079364,2
159,Male,32,Miami,Silver,670.3,10,3.8,1,33,Unsatisfied,1,1.0,67.03,20.946875,0,0,4,0.3904761904761904,3
160,Female,36,Houston,Bronze,460.5,8,3.1,0,19,Neutral,2,0.0,57.5625,12.791666666666666,1,0,4,0.4793650793650793,1
161,Female,30,New York,Gold,1190.8,16,4.5,1,20,Satisfied,3,2.0,74.425,39.693333333333335,1,1,10,0.7730158730158729,2
162,Male,33,Los Angeles,Silver,830.75,13,4.2,0,14,Satisfied,3,1.0,63.90384615384615,25.174242424242426,1,1,10,0.7111111111111111,3
163,Female,42,Chicago,Bronze,520.4,9,3.5,1,37,Unsatisfied,1,0.0,57.82222222222222,12.390476190476187,0,0,3,0.2650793650793651,1
164,Male,29,San Francisco,Gold,1370.2,18,4.7,0,10,Satisfied,3,2.0,76.12222222222222,47.248275862068965,1,1,13,0.8365079365079364,2
165,Male,26,Miami,Silver,690.6,12,3.9,1,47,Unsatisfied,1,1.0,57.55,26.56153846153846,0,0,4,0.3015873015873015,3
166,Female,38,Houston,Bronze,440.9,8,3.2,0,24,Neutral,2,0.0,55.1125,11.602631578947369,1,0,3,0.4476190476190476,1
167,Female,32,New York,Gold,1160.3,14,4.4,1,22,Satisfied,3,2.0,82.87857142857142,36.259375,1,1,9,0.7603174603174603,2
168,Male,34,Los Angeles,Silver,800.2,11,4.1,0,17,Neutral,2,1.0,72.74545454545455,23.53529411764706,1,1,7,0.5920634920634921,3
169,Female,43,Chicago,Bronze,500.75,10,3.3,1,40,Unsatisfied,1,0.0,50.075,11.645348837209305,0,0,3,0.246031746031746,1
170,Male,30,San Francisco,Gold,1460.5,20,4.8,0,12,Satisfied,3,2.0,73.025,48.68333333333333,1,1,13,0.8238095238095238,2
171,Male,27,Miami,Silver,700.4,13,4.0,1,53,Unsatisfied,1,1.0,53.87692307692308,25.94074074074074,0,0,5,0.2634920634920634,3
172,Female,37,Houston,Bronze,420.8,7,3.1,0,21,Neutral,2,0.0,60.114285714285714,11.372972972972974,1,0,3,0.4666666666666667,1
173,Female,31,New York,Gold,1130.6,15,4.5,1,26,Satisfied,3,2.0,75.37333333333332,36.47096774193548,1,1,9,0.7349206349206349,2
174,Male,35,Los Angeles,Silver,820.9,12,4.3,0,12,Neutral,2,1.0,68.40833333333333,23.454285714285717,1,1,10,0.6238095238095238,3
175,Female,41,Chicago,Bronze,480.25,9,3.6,1,38,Unsatisfied,1,0.0,53.36111111111112,11.71341463414634,0,0,2,0.2587301587301587,1
176,Male,28,San Francisco,Gold,1490.1,21,4.9,0,9,Satisfied,3,2.0,70.95714285714286,53.21785714285714,1,1,13,0.8428571428571429,2
177,Male,32,Miami,Silver,680.3,10,3.8,1,32,Unsatisfied,1,1.0,68.03,21.259375,0,0,4,0.3968253968253968,3
178,Female,36,Houston,Bronze,470.5,8,3.0,0,18,Neutral,2,0.0,58.8125,13.069444444444445,1,0,4,0.4857142857142857,1
179,Female,30,New York,Gold,1180.8,16,4.7,1,19,Satisfied,3,2.0,73.8,39.36,1,1,10,0.7793650793650793,2
180,Male,34,Los Angeles,Silver,790.2,11,4.0,0,15,Neutral,2,1.0,71.83636363636364,23.24117647058824,1,1,7,0.6047619047619047,3
181,Female,43,Chicago,Bronze,505.75,10,3.3,1,39,Unsatisfied,1,0.0,50.575,11.761627906976743,0,0,4,0.2523809523809524,1
182,Male,30,San Francisco,Gold,1470.5,20,4.8,0,13,Satisfied,3,2.0,73.525,49.016666666666666,1,1,13,0.8174603174603174,2
183,Male,27,Miami,Silver,710.4,13,4.1,1,54,Unsatisfied,1,1.0,54.64615384615384,26.31111111111111,0,0,5,0.2571428571428571,3
184,Female,37,Houston,Bronze,430.8,7,3.4,0,23,Neutral,2,0.0,61.54285714285714,11.643243243243244,1,0,3,0.4539682539682539,1
185,Female,31,New York,Gold,1140.6,15,4.6,1,27,Satisfied,3,2.0,76.03999999999999,36.79354838709677,1,1,9,0.7285714285714285,2
186,Male,35,Los Angeles,Silver,810.9,12,4.3,0,13,Neutral,2,1.0,67.575,23.16857142857143,1,1,9,0.6174603174603175,3
187,Female,41,Chicago,Bronze,485.25,9,3.6,1,39,Unsatisfied,1,0.0,53.91666666666666,11.835365853658535,0,0,2,0.2523809523809524,1
188,Male,28,San Francisco,Gold,1500.1,21,4.9,0,10,Satisfied,3,2.0,71.43333333333332,53.575,1,1,13,0.8365079365079364,2
189,Male,32,Miami,Silver,670.3,10,3.8,1,33,Unsatisfied,1,1.0,67.03,20.946875,0,0,4,0.3904761904761904,3
190,Female,36,Houston,Bronze,460.5,8,3.1,0,19,Neutral,2,0.0,57.5625,12.791666666666666,1,0,4,0.4793650793650793,1
191,Female,30,New York,Gold,1190.8,16,4.5,1,20,Satisfied,3,2.0,74.425,39.693333333333335,1,1,10,0.7730158730158729,2
192,Male,33,Los Angeles,Silver,830.75,13,4.2,0,14,Satisfied,3,1.0,63.90384615384615,25.174242424242426,1,1,10,0.7111111111111111,3
193,Female,42,Chicago,Bronze,520.4,9,3.5,1,37,Unsatisfied,1,0.0,57.82222222222222,12.390476190476187,0,0,3,0.2650793650793651,1
194,Male,29,San Francisco,Gold,1370.2,18,4.7,0,10,Satisfied,3,2.0,76.12222222222222,47.248275862068965,1,1,13,0.8365079365079364,2
195,Male,26,Miami,Silver,690.6,12,3.9,1,47,Unsatisfied,1,1.0,57.55,26.56153846153846,0,0,4,0.3015873015873015,3
196,Female,38,Houston,Bronze,440.9,8,3.2,0,24,Neutral,2,0.0,55.1125,11.602631578947369,1,0,3,0.4476190476190476,1
197,Female,32,New York,Gold,1160.3,14,4.4,1,22,Satisfied,3,2.0,82.87857142857142,36.259375,1,1,9,0.7603174603174603,2
198,Male,34,Los Angeles,Silver,800.2,11,4.1,0,17,Neutral,2,1.0,72.74545454545455,23.53529411764706,1,1,7,0.5920634920634921,3
199,Female,43,Chicago,Bronze,500.75,10,3.3,1,40,Unsatisfied,1,0.0,50.075,11.645348837209305,0,0,3,0.246031746031746,1
200,Male,30,San Francisco,Gold,1460.5,20,4.8,0,12,Satisfied,3,2.0,73.025,48.68333333333333,1,1,13,0.8238095238095238,2
201,Male,27,Miami,Silver,700.4,13,4.0,1,53,Unsatisfied,1,1.0,53.87692307692308,25.94074074074074,0,0,5,0.2634920634920634,3
202,Female,37,Houston,Bronze,420.8,7,3.1,0,21,Neutral,2,0.0,60.114285714285714,11.372972972972974,1,0,3,0.4666666666666667,1
203,Female,31,New York,Gold,1130.6,15,4.5,1,26,Satisfied,3,2.0,75.37333333333332,36.47096774193548,1,1,9,0.7349206349206349,2
204,Male,35,Los Angeles,Silver,820.9,12,4.3,0,12,Neutral,2,1.0,68.40833333333333,23.454285714285717,1,1,10,0.6238095238095238,3
205,Female,41,Chicago,Bronze,480.25,9,3.6,1,38,Unsatisfied,1,0.0,53.36111111111112,11.71341463414634,0,0,2,0.2587301587301587,1
206,Male,28,San Francisco,Gold,1490.1,21,4.9,0,9,Satisfied,3,2.0,70.95714285714286,53.21785714285714,1,1,13,0.8428571428571429,2
207,Male,32,Miami,Silver,680.3,10,3.8,1,32,Unsatisfied,1,1.0,68.03,21.259375,0,0,4,0.3968253968253968,3
208,Female,36,Houston,Bronze,470.5,8,3.0,0,18,Neutral,2,0.0,58.8125,13.069444444444445,1,0,4,0.4857142857142857,1
209,Female,30,New York,Gold,1180.8,16,4.7,1,19,Satisfied,3,2.0,73.8,39.36,1,1,10,0.7793650793650793,2
210,Male,34,Los Angeles,Silver,790.2,11,4.0,0,15,Neutral,2,1.0,71.83636363636364,23.24117647058824,1,1,7,0.6047619047619047,3
211,Female,43,Chicago,Bronze,505.75,10,3.3,1,39,Unsatisfied,1,0.0,50.575,11.761627906976743,0,0,4,0.2523809523809524,1
212,Male,30,San Francisco,Gold,1470.5,20,4.8,0,13,Satisfied,3,2.0,73.525,49.016666666666666,1,1,13,0.8174603174603174,2
213,Male,27,Miami,Silver,710.4,13,4.1,1,54,Unsatisfied,1,1.0,54.64615384615384,26.31111111111111,0,0,5,0.2571428571428571,3
214,Female,37,Houston,Bronze,430.8,7,3.4,0,23,Neutral,2,0.0,61.54285714285714,11.643243243243244,1,0,3,0.4539682539682539,1
215,Female,31,New York,Gold,1140.6,15,4.6,1,27,Satisfied,3,2.0,76.03999999999999,36.79354838709677,1,1,9,0.7285714285714285,2
216,Male,35,Los Angeles,Silver,810.9,12,4.3,0,13,Neutral,2,1.0,67.575,23.16857142857143,1,1,9,0.6174603174603175,3
217,Female,41,Chicago,Bronze,485.25,9,3.6,1,39,Unsatisfied,1,0.0,53.91666666666666,11.835365853658535,0,0,2,0.2523809523809524,1
218,Male,28,San Francisco,Gold,1500.1,21,4.9,0,10,Satisfied,3,2.0,71.43333333333332,53.575,1,1,13,0.8365079365079364,2
219,Male,32,Miami,Silver,670.3,10,3.8,1,33,Unsatisfied,1,1.0,67.03,20.946875,0,0,4,0.3904761904761904,3
220,Female,36,Houston,Bronze,460.5,8,3.1,0,19,Neutral,2,0.0,57.5625,12.791666666666666,1,0,4,0.4793650793650793,1
221,Female,30,New York,Gold,1190.8,16,4.5,1,20,Satisfied,3,2.0,74.425,39.693333333333335,1,1,10,0.7730158730158729,2
222,Male,33,Los Angeles,Silver,830.75,13,4.2,0,14,Satisfied,3,1.0,63.90384615384615,25.174242424242426,1,1,10,0.7111111111111111,3
223,Female,42,Chicago,Bronze,520.4,9,3.5,1,37,Unsatisfied,1,0.0,57.82222222222222,12.390476190476187,0,0,3,0.2650793650793651,1
224,Male,29,San Francisco,Gold,1370.2,18,4.7,0,10,Satisfied,3,2.0,76.12222222222222,47.248275862068965,1,1,13,0.8365079365079364,2
225,Male,26,Miami,Silver,690.6,12,3.9,1,47,Unsatisfied,1,1.0,57.55,26.56153846153846,0,0,4,0.3015873015873015,3
226,Female,38,Houston,Bronze,440.9,8,3.2,0,24,Neutral,2,0.0,55.1125,11.602631578947369,1,0,3,0.4476190476190476,1
227,Female,32,New York,Gold,1160.3,14,4.4,1,22,Satisfied,3,2.0,82.87857142857142,36.259375,1,1,9,0.7603174603174603,2
228,Male,34,Los Angeles,Silver,800.2,11,4.1,0,17,Neutral,2,1.0,72.74545454545455,23.53529411764706,1,1,7,0.5920634920634921,3
229,Female,43,Chicago,Bronze,500.75,10,3.3,1,40,Unsatisfied,1,0.0,50.075,11.645348837209305,0,0,3,0.246031746031746,1
230,Male,30,San Francisco,Gold,1460.5,20,4.8,0,12,Satisfied,3,2.0,73.025,48.68333333333333,1,1,13,0.8238095238095238,2
231,Male,27,Miami,Silver,700.4,13,4.0,1,53,Unsatisfied,1,1.0,53.87692307692308,25.94074074074074,0,0,5,0.2634920634920634,3
232,Female,37,Houston,Bronze,420.8,7,3.1,0,21,Neutral,2,0.0,60.114285714285714,11.372972972972974,1,0,3,0.4666666666666667,1
233,Female,31,New York,Gold,1130.6,15,4.5,1,26,Satisfied,3,2.0,75.37333333333332,36.47096774193548,1,1,9,0.7349206349206349,2
234,Male,35,Los Angeles,Silver,820.9,12,4.3,0,12,Neutral,2,1.0,68.40833333333333,23.454285714285717,1,1,10,0.6238095238095238,3
235,Female,41,Chicago,Bronze,480.25,9,3.6,1,38,Unsatisfied,1,0.0,53.36111111111112,11.71341463414634,0,0,2,0.2587301587301587,1
236,Male,28,San Francisco,Gold,1490.1,21,4.9,0,9,Satisfied,3,2.0,70.95714285714286,53.21785714285714,1,1,13,0.8428571428571429,2
237,Male,32,Miami,Silver,680.3,10,3.8,1,32,Unsatisfied,1,1.0,68.03,21.259375,0,0,4,0.3968253968253968,3
238,Female,36,Houston,Bronze,470.5,8,3.0,0,18,Neutral,2,0.0,58.8125,13.069444444444445,1,0,4,0.4857142857142857,1
239,Female,30,New York,Gold,1180.8,16,4.7,1,19,Satisfied,3,2.0,73.8,39.36,1,1,10,0.7793650793650793,2
240,Male,34,Los Angeles,Silver,790.2,11,4.0,0,15,Neutral,2,1.0,71.83636363636364,23.24117647058824,1,1,7,0.6047619047619047,3
241,Female,43,Chicago,Bronze,505.75,10,3.3,1,39,Unsatisfied,1,0.0,50.575,11.761627906976743,0,0,4,0.2523809523809524,1
242,Male,30,San Francisco,Gold,1470.5,20,4.8,0,13,Satisfied,3,2.0,73.525,49.016666666666666,1,1,13,0.8174603174603174,2
243,Male,27,Miami,Silver,710.4,13,4.1,1,54,Unsatisfied,1,1.0,54.64615384615384,26.31111111111111,0,0,5,0.2571428571428571,3
244,Female,37,Houston,Bronze,430.8,7,3.4,0,23,Neutral,2,0.0,61.54285714285714,11.643243243243244,1,0,3,0.4539682539682539,1
245,Female,31,New York,Gold,1130.6,15,4.5,1,26,Satisfied,3,2.0,75.37333333333332,36.47096774193548,1,1,9,0.7349206349206349,2
246,Male,35,Los Angeles,Silver,820.9,12,4.3,0,12,Neutral,2,1.0,68.40833333333333,23.454285714285717,1,1,10,0.6238095238095238,3
247,Female,41,Chicago,Bronze,480.25,9,3.6,1,38,Unsatisfied,1,0.0,53.36111111111112,11.71341463414634,0,0,2,0.2587301587301587,1
248,Male,28,San Francisco,Gold,1490.1,21,4.9,0,9,Satisfied,3,2.0,70.95714285714286,53.21785714285714,1,1,13,0.8428571428571429,2
249,Male,32,Miami,Silver,680.3,10,3.8,1,32,Unsatisfied,1,1.0,68.03,21.259375,0,0,4,0.3968253968253968,3
250,Female,36,Houston,Bronze,470.5,8,3.0,0,18,Neutral,2,0.0,58.8125,13.069444444444445,1,0,4,0.4857142857142857,1
251,Female,30,New York,Gold,1180.8,16,4.7,1,19,Satisfied,3,2.0,73.8,39.36,1,1,10,0.7793650793650793,2
252,Male,34,Los Angeles,Silver,790.2,11,4.0,0,15,Neutral,2,1.0,71.83636363636364,23.24117647058824,1,1,7,0.6047619047619047,3
253,Female,43,Chicago,Bronze,505.75,10,3.3,1,39,Unsatisfied,1,0.0,50.575,11.761627906976743,0,0,4,0.2523809523809524,1
254,Male,30,San Francisco,Gold,1470.5,20,4.8,0,13,Satisfied,3,2.0,73.525,49.016666666666666,1,1,13,0.8174603174603174,2
255,Male,27,Miami,Silver,710.4,13,4.1,1,54,Unsatisfied,1,1.0,54.64615384615384,26.31111111111111,0,0,5,0.2571428571428571,3
256,Female,37,Houston,Bronze,430.8,7,3.4,0,23,Neutral,2,0.0,61.54285714285714,11.643243243243244,1,0,3,0.4539682539682539,1
257,Female,31,New York,Gold,1140.6,15,4.6,1,27,Satisfied,3,2.0,76.03999999999999,36.79354838709677,1,1,9,0.7285714285714285,2
258,Male,35,Los Angeles,Silver,810.9,12,4.3,0,13,Neutral,2,1.0,67.575,23.16857142857143,1,1,9,0.6174603174603175,3
259,Female,41,Chicago,Bronze,485.25,9,3.6,1,39,Unsatisfied,1,0.0,53.91666666666666,11.835365853658535,0,0,2,0.2523809523809524,1
260,Male,28,San Francisco,Gold,1500.1,21,4.9,0,10,Satisfied,3,2.0,71.43333333333332,53.575,1,1,13,0.8365079365079364,2
261,Male,32,Miami,Silver,670.3,10,3.8,1,33,Unsatisfied,1,1.0,67.03,20.946875,0,0,4,0.3904761904761904,3
262,Female,36,Houston,Bronze,460.5,8,3.1,0,19,Neutral,2,0.0,57.5625,12.791666666666666,1,0,4,0.4793650793650793,1
263,Female,30,New York,Gold,1190.8,16,4.5,1,20,Satisfied,3,2.0,74.425,39.693333333333335,1,1,10,0.7730158730158729,2
264,Male,33,Los Angeles,Silver,830.75,13,4.2,0,14,Satisfied,3,1.0,63.90384615384615,25.174242424242426,1,1,10,0.7111111111111111,3
265,Female,42,Chicago,Bronze,520.4,9,3.5,1,37,Unsatisfied,1,0.0,57.82222222222222,12.390476190476187,0,0,3,0.2650793650793651,1
266,Male,29,San Francisco,Gold,1370.2,18,4.7,0,10,Satisfied,3,2.0,76.12222222222222,47.248275862068965,1,1,13,0.8365079365079364,2
267,Male,26,Miami,Silver,690.6,12,3.9,1,47,Unsatisfied,1,1.0,57.55,26.56153846153846,0,0,4,0.3015873015873015,3
268,Female,38,Houston,Bronze,440.9,8,3.2,0,24,Neutral,2,0.0,55.1125,11.602631578947369,1,0,3,0.4476190476190476,1
269,Female,32,New York,Gold,1160.3,14,4.4,1,22,Satisfied,3,2.0,82.87857142857142,36.259375,1,1,9,0.7603174603174603,2
270,Male,34,Los Angeles,Silver,800.2,11,4.1,0,17,Neutral,2,1.0,72.74545454545455,23.53529411764706,1,1,7,0.5920634920634921,3
271,Female,43,Chicago,Bronze,500.75,10,3.3,1,40,Unsatisfied,1,0.0,50.075,11.645348837209305,0,0,3,0.246031746031746,1
272,Male,30,San Francisco,Gold,1460.5,20,4.8,0,12,Satisfied,3,2.0,73.025,48.68333333333333,1,1,13,0.8238095238095238,2
273,Male,27,Miami,Silver,700.4,13,4.0,1,53,Unsatisfied,1,1.0,53.87692307692308,25.94074074074074,0,0,5,0.2634920634920634,3
274,Female,37,Houston,Bronze,430.8,7,3.4,0,23,Neutral,2,0.0,61.54285714285714,11.643243243243244,1,0,3,0.4539682539682539,1
275,Female,31,New York,Gold,1140.6,15,4.5,1,27,Satisfied,3,2.0,76.03999999999999,36.79354838709677,1,1,9,0.7285714285714285,2
276,Male,35,Los Angeles,Silver,820.9,12,4.3,0,12,Neutral,2,1.0,68.40833333333333,23.454285714285717,1,1,10,0.6238095238095238,3
277,Female,41,Chicago,Bronze,480.25,9,3.6,1,38,Unsatisfied,1,0.0,53.36111111111112,11.71341463414634,0,0,2,0.2587301587301587,1
278,Male,28,San Francisco,Gold,1490.1,21,4.9,0,9,Satisfied,3,2.0,70.95714285714286,53.21785714285714,1,1,13,0.8428571428571429,2
279,Male,32,Miami,Silver,680.3,10,3.8,1,32,Unsatisfied,1,1.0,68.03,21.259375,0,0,4,0.3968253968253968,3
280,Female,36,Houston,Bronze,470.5,8,3.0,0,18,Neutral,2,0.0,58.8125,13.069444444444445,1,0,4,0.4857142857142857,1
281,Female,30,New York,Gold,1180.8,16,4.7,1,19,Satisfied,3,2.0,73.8,39.36,1,1,10,0.7793650793650793,2
282,Male,34,Los Angeles,Silver,790.2,11,4.0,0,15,Neutral,2,1.0,71.83636363636364,23.24117647058824,1,1,7,0.6047619047619047,3
283,Female,43,Chicago,Bronze,505.75,10,3.3,1,39,Unsatisfied,1,0.0,50.575,11.761627906976743,0,0,4,0.2523809523809524,1
284,Male,30,San Francisco,Gold,1470.5,20,4.8,0,13,Satisfied,3,2.0,73.525,49.016666666666666,1,1,13,0.8174603174603174,2
285,Male,27,Miami,Silver,710.4,13,4.1,1,54,Unsatisfied,1,1.0,54.64615384615384,26.31111111111111,0,0,5,0.2571428571428571,3
286,Female,37,Houston,Bronze,430.8,7,3.4,0,23,Neutral,2,0.0,61.54285714285714,11.643243243243244,1,0,3,0.4539682539682539,1
287,Female,31,New York,Gold,1130.6,15,4.5,1,26,Satisfied,3,2.0,75.37333333333332,36.47096774193548,1,1,9,0.7349206349206349,2
288,Male,35,Los Angeles,Silver,820.9,12,4.3,0,13,Neutral,2,1.0,68.40833333333333,23.454285714285717,1,1,10,0.6174603174603175,3
289,Female,41,Chicago,Bronze,485.25,9,3.6,1,39,Unsatisfied,1,0.0,53.91666666666666,11.835365853658535,0,0,2,0.2523809523809524,1
290,Male,28,San Francisco,Gold,1500.1,21,4.9,0,10,Satisfied,3,2.0,71.43333333333332,53.575,1,1,13,0.8365079365079364,2
291,Male,32,Miami,Silver,670.3,10,3.8,1,33,Unsatisfied,1,1.0,67.03,20.946875,0,0,4,0.3904761904761904,3
292,Female,36,Houston,Bronze,460.5,8,3.1,0,19,Neutral,2,0.0,57.5625,12.791666666666666,1,0,4,0.4793650793650793,1
293,Female,30,New York,Gold,1190.8,16,4.5,1,20,Satisfied,3,2.0,74.425,39.693333333333335,1,1,10,0.7730158730158729,2
294,Male,33,Los Angeles,Silver,830.75,13,4.2,0,14,Satisfied,3,1.0,63.90384615384615,25.174242424242426,1,1,10,0.7111111111111111,3
295,Female,42,Chicago,Bronze,520.4,9,3.5,1,37,Unsatisfied,1,0.0,57.82222222222222,12.390476190476187,0,0,3,0.2650793650793651,1
296,Male,29,San Francisco,Gold,1370.2,18,4.7,0,10,Satisfied,3,2.0,76.12222222222222,47.248275862068965,1,1,13,0.8365079365079364,2
297,Male,26,Miami,Silver,690.6,12,3.9,1,47,Unsatisfied,1,1.0,57.55,26.56153846153846,0,0,4,0.3015873015873015,3
298,Female,38,Houston,Bronze,440.9,8,3.2,0,24,Neutral,2,0.0,55.1125,11.602631578947369,1,0,3,0.4476190476190476,1
299,Female,32,New York,Gold,1160.3,14,4.4,1,22,Satisfied,3,2.0,82.87857142857142,36.259375,1,1,9,0.7603174603174603,2
300,Male,34,Los Angeles,Silver,800.2,11,4.1,0,17,Neutral,2,1.0,72.74545454545455,23.53529411764706,1,1,7,0.5920634920634921,3
301,Male,36,San Francisco,Gold,1420.8,19,4.6,0,11,Satisfied,3,2.0,74.77894736842104,39.46666666666667,1,1,13,0.8301587301587301,2
302,Female,29,Miami,Silver,730.4,14,4.0,1,50,Unsatisfied,1,1.0,52.17142857142857,25.186206896551724,0,0,6,0.2825396825396825,3
303,Female,35,Houston,Bronze,450.6,7,3.3,0,21,Neutral,2,0.0,64.37142857142858,12.874285714285715,1,0,3,0.4666666666666667,1
304,Male,31,New York,Gold,1210.6,17,4.8,1,18,Satisfied,3,2.0,71.21176470588235,39.0516129032258,1,1,12,0.7857142857142857,2
305,Male,27,Los Angeles,Silver,780.9,11,4.2,0,16,Neutral,2,1.0,70.99090909090908,28.92222222222222,1,1,7,0.5984126984126984,3
306,Female,42,Chicago,Bronze,495.25,10,3.5,1,35,Unsatisfied,1,0.0,49.525,11.791666666666666,0,0,4,0.2777777777777778,1
307,Male,29,San Francisco,Gold,1390.2,18,4.7,0,9,Satisfied,3,2.0,77.23333333333333,47.93793103448276,1,1,13,0.8428571428571429,2
308,Male,26,Miami,Silver,670.6,12,3.9,1,46,Unsatisfied,1,1.0,55.88333333333333,25.79230769230769,0,0,4,0.3079365079365079,3
309,Female,38,Houston,Bronze,460.9,8,3.2,0,25,Neutral,2,0.0,57.6125,12.128947368421052,1,0,3,0.4412698412698412,1
310,Female,32,New York,Gold,1170.3,14,4.5,1,21,Satisfied,3,2.0,83.59285714285714,36.571875,1,1,9,0.7666666666666666,2
311,Male,34,Los Angeles,Silver,810.2,11,4.0,0,14,Neutral,2,1.0,73.65454545454546,23.829411764705885,1,1,8,0.611111111111111,3
312,Female,43,Chicago,Bronze,515.75,9,3.3,1,38,Unsatisfied,1,0.0,57.30555555555556,11.994186046511627,0,0,3,0.2587301587301587,1
313,Male,30,San Francisco,Gold,1450.5,20,4.8,0,12,Satisfied,3,2.0,72.525,48.35,1,1,13,0.8238095238095238,2
314,Male,27,Miami,Silver,690.4,13,4.1,1,52,Unsatisfied,1,1.0,53.107692307692304,25.57037037037037,0,0,4,0.2698412698412698,3
315,Female,37,Houston,Bronze,420.8,7,3.4,0,24,Neutral,2,0.0,60.114285714285714,11.372972972972974,1,0,3,0.4476190476190476,1
316,Female,31,New York,Gold,1130.6,15,4.5,1,26,Satisfied,3,2.0,75.37333333333332,36.47096774193548,1,1,9,0.7349206349206349,2
317,Male,35,Los Angeles,Silver,820.9,12,4.3,0,13,Neutral,2,1.0,68.40833333333333,23.454285714285717,1,1,10,0.6174603174603175,3
318,Female,41,Chicago,Bronze,480.25,9,3.6,1,39,Unsatisfied,1,0.0,53.36111111111112,11.71341463414634,0,0,2,0.2523809523809524,1
319,Male,28,San Francisco,Gold,1490.1,21,4.9,0,9,Satisfied,3,2.0,70.95714285714286,53.21785714285714,1,1,13,0.8428571428571429,2
320,Male,32,Miami,Silver,680.3,10,3.8,1,32,Unsatisfied,1,1.0,68.03,21.259375,0,0,4,0.3968253968253968,3
321,Female,36,Houston,Bronze,470.5,8,3.0,0,18,Neutral,2,0.0,58.8125,13.069444444444445,1,0,4,0.4857142857142857,1
322,Female,30,New York,Gold,1180.8,16,4.7,1,19,Satisfied,3,2.0,73.8,39.36,1,1,10,0.7793650793650793,2
323,Male,34,Los Angeles,Silver,790.2,11,4.0,0,15,Neutral,2,1.0,71.83636363636364,23.24117647058824,1,1,7,0.6047619047619047,3
324,Female,43,Chicago,Bronze,505.75,10,3.3,1,39,Unsatisfied,1,0.0,50.575,11.761627906976743,0,0,4,0.2523809523809524,1
325,Male,30,San Francisco,Gold,1470.5,20,4.8,0,13,Satisfied,3,2.0,73.525,49.016666666666666,1,1,13,0.8174603174603174,2
326,Male,27,Miami,Silver,710.4,13,4.1,1,54,Unsatisfied,1,1.0,54.64615384615384,26.31111111111111,0,0,5,0.2571428571428571,3
327,Female,37,Houston,Bronze,430.8,7,3.4,0,23,Neutral,2,0.0,61.54285714285714,11.643243243243244,1,0,3,0.4539682539682539,1
328,Female,31,New York,Gold,1140.6,15,4.5,1,27,Satisfied,3,2.0,76.03999999999999,36.79354838709677,1,1,9,0.7285714285714285,2
329,Male,35,Los Angeles,Silver,820.9,12,4.3,0,13,Neutral,2,1.0,68.40833333333333,23.454285714285717,1,1,10,0.6174603174603175,3
330,Female,41,Chicago,Bronze,485.25,9,3.6,1,39,Unsatisfied,1,0.0,53.91666666666666,11.835365853658535,0,0,2,0.2523809523809524,1
331,Male,28,San Francisco,Gold,1500.1,21,4.9,0,10,Satisfied,3,2.0,71.43333333333332,53.575,1,1,13,0.8365079365079364,2
332,Male,32,Miami,Silver,670.3,10,3.8,1,33,Unsatisfied,1,1.0,67.03,20.946875,0,0,4,0.3904761904761904,3
333,Female,36,Houston,Bronze,460.5,8,3.1,0,19,Neutral,2,0.0,57.5625,12.791666666666666,1,0,4,0.4793650793650793,1
334,Female,30,New York,Gold,1190.8,16,4.5,1,20,Satisfied,3,2.0,74.425,39.693333333333335,1,1,10,0.7730158730158729,2
335,Male,33,Los Angeles,Silver,830.75,13,4.2,0,14,Satisfied,3,1.0,63.90384615384615,25.174242424242426,1,1,10,0.7111111111111111,3
336,Female,42,Chicago,Bronze,520.4,9,3.5,1,37,Unsatisfied,1,0.0,57.82222222222222,12.390476190476187,0,0,3,0.2650793650793651,1
337,Male,29,San Francisco,Gold,1370.2,18,4.7,0,10,Satisfied,3,2.0,76.12222222222222,47.248275862068965,1,1,13,0.8365079365079364,2
338,Male,26,Miami,Silver,690.6,12,3.9,1,47,Unsatisfied,1,1.0,57.55,26.56153846153846,0,0,4,0.3015873015873015,3
339,Female,38,Houston,Bronze,440.9,8,3.2,0,24,Neutral,2,0.0,55.1125,11.602631578947369,1,0,3,0.4476190476190476,1
340,Female,32,New York,Gold,1160.3,14,4.4,1,22,Satisfied,3,2.0,82.87857142857142,36.259375,1,1,9,0.7603174603174603,2
341,Male,34,Los Angeles,Silver,800.2,11,4.1,0,17,Neutral,2,1.0,72.74545454545455,23.53529411764706,1,1,7,0.5920634920634921,3
342,Female,43,Chicago,Bronze,525.75,9,3.3,1,40,Unsatisfied,1,0.0,58.41666666666666,12.226744186046512,0,0,2,0.246031746031746,1
343,Male,30,San Francisco,Gold,1460.5,20,4.8,0,11,Satisfied,3,2.0,73.025,48.68333333333333,1,1,13,0.8301587301587301,2
344,Male,27,Miami,Silver,720.4,13,4.0,1,55,Unsatisfied,1,1.0,55.41538461538461,26.68148148148148,0,0,5,0.2507936507936508,3
345,Female,37,Houston,Bronze,440.8,7,3.2,0,25,Neutral,2,0.0,62.971428571428575,11.913513513513514,1,0,3,0.4412698412698412,1
346,Female,31,New York,Gold,1150.6,15,4.5,1,28,Satisfied,3,2.0,76.70666666666666,37.11612903225806,1,1,8,0.7222222222222222,2
347,Male,35,Los Angeles,Silver,830.9,12,4.3,0,14,Neutral,2,1.0,69.24166666666666,23.74,1,1,10,0.611111111111111,3
348,Female,41,Chicago,Bronze,490.25,9,3.6,1,40,Unsatisfied,1,0.0,54.47222222222222,11.957317073170731,0,0,2,0.246031746031746,1
349,Male,28,San Francisco,Gold,1480.1,21,4.9,0,10,Satisfied,3,2.0,70.48095238095237,52.86071428571428,1,1,13,0.8365079365079364,2
350,Male,32,Miami,Silver,690.3,10,3.8,1,34,Unsatisfied,1,1.0,69.03,21.571875,0,0,4,0.3841269841269841,3
351,Female,36,Houston,Bronze,480.5,8,3.1,0,20,Neutral,2,0.0,60.0625,13.34722222222222,1,0,4,0.473015873015873,1
352,Female,30,New York,Gold,1170.8,16,4.7,1,21,Satisfied,3,2.0,73.175,39.02666666666666,1,1,9,0.7666666666666666,2
353,Male,34,Los Angeles,Silver,790.2,11,4.0,0,15,Neutral,2,1.0,71.83636363636364,23.24117647058824,1,1,7,0.6047619047619047,3
354,Female,43,Chicago,Bronze,510.75,10,3.3,1,41,Unsatisfied,1,0.0,51.075,11.877906976744184,0,0,3,0.2396825396825396,1
355,Male,30,San Francisco,Gold,1440.5,19,4.6,0,12,Satisfied,3,2.0,75.8157894736842,48.016666666666666,1,1,13,0.8238095238095238,2
356,Male,27,Miami,Silver,700.4,13,4.1,1,56,Unsatisfied,1,1.0,53.87692307692308,25.94074074074074,0,0,5,0.2444444444444444,3
357,Female,37,Houston,Bronze,410.8,7,3.4,0,26,Neutral,2,0.0,58.68571428571429,11.102702702702704,1,0,3,0.4349206349206349,1
358,Female,31,New York,Gold,1160.6,15,4.5,1,29,Satisfied,3,2.0,77.37333333333332,37.43870967741936,1,1,8,0.7158730158730159,2
359,Male,35,Los Angeles,Silver,810.9,12,4.3,0,14,Neutral,2,1.0,67.575,23.16857142857143,1,1,9,0.611111111111111,3
360,Female,41,Chicago,Bronze,495.25,9,3.6,1,41,Unsatisfied,1,0.0,55.02777777777778,12.079268292682928,0,0,2,0.2396825396825396,1
361,Male,28,San Francisco,Gold,1490.1,21,4.9,0,10,Satisfied,3,2.0,70.95714285714286,53.21785714285714,1,1,13,0.8365079365079364,2
362,Male,32,Miami,Silver,660.3,10,3.8,1,35,Unsatisfied,1,1.0,66.03,20.634375,0,0,4,0.3777777777777777,3
363,Female,36,Houston,Bronze,430.5,8,3.1,0,21,Neutral,2,0.0,53.8125,11.958333333333334,1,0,3,0.4666666666666667,1
364,Female,30,New York,Gold,1200.8,16,4.7,1,22,Satisfied,3,2.0,75.05,40.02666666666666,1,1,10,0.7603174603174603,2
365,Male,34,Los Angeles,Silver,780.2,11,4.1,0,16,Neutral,2,1.0,70.92727272727274,22.947058823529414,1,0,7,0.5984126984126984,3
366,Female,43,Chicago,Bronze,505.75,10,3.3,1,42,Unsatisfied,1,0.0,50.575,11.761627906976743,0,0,3,0.2333333333333333,1
367,Male,30,San Francisco,Gold,1460.5,20,4.8,0,13,Satisfied,3,2.0,73.025,48.68333333333333,1,1,13,0.8174603174603174,2
368,Male,27,Miami,Silver,710.4,13,4.1,1,57,Unsatisfied,1,1.0,54.64615384615384,26.31111111111111,0,0,5,0.238095238095238,3
369,Female,37,Houston,Bronze,450.8,7,3.4,0,24,Neutral,2,0.0,64.4,12.183783783783785,1,0,3,0.4476190476190476,1
370,Female,31,New York,Gold,1140.6,15,4.5,1,30,Satisfied,3,2.0,76.03999999999999,36.79354838709677,0,1,8,0.7095238095238094,2
371,Male,35,Los Angeles,Silver,800.9,12,4.1,0,17,Neutral,2,1.0,66.74166666666666,22.88285714285714,1,1,8,0.5920634920634921,3
372,Female,41,Chicago,Bronze,475.25,9,3.6,1,42,Unsatisfied,1,0.0,52.80555555555556,11.591463414634148,0,0,1,0.2333333333333333,1
373,Male,28,San Francisco,Gold,1480.1,21,4.9,0,11,Satisfied,3,2.0,70.48095238095237,52.86071428571428,1,1,13,0.8301587301587301,2
374,Male,32,Miami,Silver,660.3,10,3.8,1,36,Unsatisfied,1,1.0,66.03,20.634375,0,0,4,0.3714285714285714,3
375,Female,36,Houston,Bronze,470.5,8,3.0,0,22,Neutral,2,0.0,58.8125,13.069444444444445,1,0,3,0.4603174603174603,1
376,Female,30,New York,Gold,1190.8,16,4.5,1,23,Satisfied,3,2.0,74.425,39.693333333333335,1,1,9,0.753968253968254,2
377,Male,33,Los Angeles,Silver,770.2,11,4.2,0,18,Neutral,2,1.0,70.01818181818182,23.33939393939394,1,0,7,0.5857142857142857,3
378,Female,43,Chicago,Bronze,515.75,10,3.3,1,43,Unsatisfied,1,0.0,51.575,11.994186046511627,0,0,3,0.2269841269841269,1
379,Male,30,San Francisco,Gold,1450.5,19,4.6,0,12,Satisfied,3,2.0,76.34210526315789,48.35,1,1,13,0.8238095238095238,2
380,Male,27,Miami,Silver,710.4,13,4.1,1,58,Unsatisfied,1,1.0,54.64615384615384,26.31111111111111,0,0,5,0.2317460317460317,3
381,Female,37,Houston,Bronze,430.8,7,3.4,0,27,Neutral,2,0.0,61.54285714285714,11.643243243243244,1,0,3,0.4285714285714285,1
382,Female,31,New York,Gold,1160.6,15,4.5,1,31,Satisfied,3,2.0,77.37333333333332,37.43870967741936,0,1,8,0.7031746031746031,2
383,Male,35,Los Angeles,Silver,820.9,12,4.3,0,15,Neutral,2,1.0,68.40833333333333,23.454285714285717,1,1,9,0.6047619047619047,3
384,Female,41,Chicago,Bronze,495.25,9,3.6,1,43,Unsatisfied,1,0.0,55.02777777777778,12.079268292682928,0,0,2,0.2269841269841269,1
385,Male,28,San Francisco,Gold,1490.1,21,4.9,0,10,Satisfied,3,2.0,70.95714285714286,53.21785714285714,1,1,13,0.8365079365079364,2
386,Male,32,Miami,Silver,660.3,10,3.8,1,37,Unsatisfied,1,1.0,66.03,20.634375,0,0,4,0.365079365079365,3
387,Female,36,Houston,Bronze,440.5,8,3.1,0,23,Neutral,2,0.0,55.0625,12.23611111111111,1,0,3,0.4539682539682539,1
388,Female,30,New York,Gold,1200.8,16,4.7,1,24,Satisfied,3,2.0,75.05,40.02666666666666,1,1,10,0.7476190476190476,2
389,Male,34,Los Angeles,Silver,780.2,11,4.1,0,16,Neutral,2,1.0,70.92727272727274,22.947058823529414,1,0,7,0.5984126984126984,3
390,Female,43,Chicago,Bronze,505.75,10,3.3,1,44,Unsatisfied,1,0.0,50.575,11.761627906976743,0,0,3,0.2206349206349206,1
391,Male,30,San Francisco,Gold,1460.5,20,4.8,0,13,Satisfied,3,2.0,73.025,48.68333333333333,1,1,13,0.8174603174603174,2
392,Male,27,Miami,Silver,710.4,13,4.1,1,59,Unsatisfied,1,1.0,54.64615384615384,26.31111111111111,0,0,5,0.2253968253968253,3
393,Female,37,Houston,Bronze,450.8,7,3.4,0,28,Neutral,2,0.0,64.4,12.183783783783785,1,0,2,0.4222222222222222,1
394,Female,31,New York,Gold,1140.6,15,4.5,1,32,Satisfied,3,2.0,76.03999999999999,36.79354838709677,0,1,8,0.6968253968253968,2
395,Male,35,Los Angeles,Silver,800.9,12,4.1,0,17,Neutral,2,1.0,66.74166666666666,22.88285714285714,1,1,8,0.5920634920634921,3
396,Female,41,Chicago,Bronze,475.25,9,3.6,1,44,Unsatisfied,1,0.0,52.80555555555556,11.591463414634148,0,0,1,0.2206349206349206,1
397,Male,28,San Francisco,Gold,1480.1,21,4.9,0,12,Satisfied,3,2.0,70.48095238095237,52.86071428571428,1,1,13,0.8238095238095238,2
398,Male,32,Miami,Silver,660.3,10,3.8,1,38,Unsatisfied,1,1.0,66.03,20.634375,0,0,4,0.3587301587301587,3
399,Female,36,Houston,Bronze,470.5,8,3.0,0,22,Neutral,2,0.0,58.8125,13.069444444444445,1,0,3,0.4603174603174603,1
400,Female,30,New York,Gold,1190.8,16,4.5,1,25,Satisfied,3,2.0,74.425,39.693333333333335,1,1,9,0.7412698412698413,2
401,Male,33,Los Angeles,Silver,800.2,11,4.1,0,18,Neutral,2,1.0,72.74545454545455,24.24848484848485,1,1,7,0.5857142857142857,3
402,Female,43,Chicago,Bronze,515.75,10,3.3,1,45,Unsatisfied,1,0.0,51.575,11.994186046511627,0,0,3,0.2142857142857142,1
403,Male,30,San Francisco,Gold,1450.5,19,4.6,0,13,Satisfied,3,2.0,76.34210526315789,48.35,1,1,13,0.8174603174603174,2
404,Male,27,Miami,Silver,710.4,13,4.1,1,60,Unsatisfied,1,1.0,54.64615384615384,26.31111111111111,0,0,5,0.219047619047619,3
405,Female,37,Houston,Bronze,430.8,7,3.4,0,29,Neutral,2,0.0,61.54285714285714,11.643243243243244,1,0,2,0.4158730158730159,1
406,Female,31,New York,Gold,1160.6,15,4.5,1,33,Satisfied,3,2.0,77.37333333333332,37.43870967741936,0,1,8,0.6904761904761905,2
407,Male,35,Los Angeles,Silver,820.9,12,4.3,0,16,Neutral,2,1.0,68.40833333333333,23.454285714285717,1,1,9,0.5984126984126984,3
408,Female,41,Chicago,Bronze,495.25,9,3.6,1,45,Unsatisfied,1,0.0,55.02777777777778,12.079268292682928,0,0,2,0.2142857142857142,1
409,Male,28,San Francisco,Gold,1490.1,21,4.9,0,11,Satisfied,3,2.0,70.95714285714286,53.21785714285714,1,1,13,0.8301587301587301,2
410,Male,32,Miami,Silver,660.3,10,3.8,1,39,Unsatisfied,1,1.0,66.03,20.634375,0,0,4,0.3523809523809523,3
411,Female,36,Houston,Bronze,440.5,8,3.1,0,24,Neutral,2,0.0,55.0625,12.23611111111111,1,0,3,0.4476190476190476,1
412,Female,30,New York,Gold,1200.8,16,4.7,1,25,Satisfied,3,2.0,75.05,40.02666666666666,1,1,10,0.7412698412698413,2
413,Male,34,Los Angeles,Silver,780.2,11,4.1,0,17,Neutral,2,1.0,70.92727272727274,22.947058823529414,1,0,7,0.5920634920634921,3
414,Female,43,Chicago,Bronze,505.75,10,3.3,1,46,Unsatisfied,1,0.0,50.575,11.761627906976743,0,0,3,0.2079365079365079,1
415,Male,30,San Francisco,Gold,1460.5,20,4.8,0,14,Satisfied,3,2.0,73.025,48.68333333333333,1,1,13,0.8111111111111111,2
416,Male,27,Miami,Silver,710.4,13,4.1,1,61,Unsatisfied,1,1.0,54.64615384615384,26.31111111111111,0,0,5,0.2126984126984126,3
417,Female,37,Houston,Bronze,450.8,7,3.4,0,30,Neutral,2,0.0,64.4,12.183783783783785,0,0,2,0.4095238095238095,1
418,Female,31,New York,Gold,1140.6,15,4.5,1,34,Satisfied,3,2.0,76.03999999999999,36.79354838709677,0,1,8,0.6841269841269841,2
419,Male,35,Los Angeles,Silver,800.9,12,4.1,0,19,Neutral,2,1.0,66.74166666666666,22.88285714285714,1,1,8,0.5793650793650793,3
420,Female,41,Chicago,Bronze,475.25,9,3.6,1,46,Unsatisfied,1,0.0,52.80555555555556,11.591463414634148,0,0,1,0.2079365079365079,1
421,Male,28,San Francisco,Gold,1480.1,21,4.9,0,12,Satisfied,3,2.0,70.48095238095237,52.86071428571428,1,1,13,0.8238095238095238,2
422,Male,32,Miami,Silver,660.3,10,3.8,1,40,Unsatisfied,1,1.0,66.03,20.634375,0,0,3,0.346031746031746,3
423,Female,36,Houston,Bronze,470.5,8,3.0,0,26,Neutral,2,0.0,58.8125,13.069444444444445,1,0,3,0.4349206349206349,1
424,Female,30,New York,Gold,1190.8,16,4.5,1,27,Satisfied,3,2.0,74.425,39.693333333333335,1,1,9,0.7285714285714285,2
425,Male,34,Los Angeles,Silver,780.2,11,4.2,0,18,Neutral,2,1.0,70.92727272727274,22.947058823529414,1,0,7,0.5857142857142857,3
426,Female,43,Chicago,Bronze,515.75,10,3.3,1,47,Unsatisfied,1,0.0,51.575,11.994186046511627,0,0,3,0.2015873015873016,1
427,Male,30,San Francisco,Gold,1450.5,19,4.6,0,14,Satisfied,3,2.0,76.34210526315789,48.35,1,1,13,0.8111111111111111,2
428,Male,27,Miami,Silver,710.4,13,4.1,1,62,Unsatisfied,1,1.0,54.64615384615384,26.31111111111111,0,0,5,0.2063492063492063,3
429,Female,37,Houston,Bronze,430.8,7,3.4,0,31,Neutral,2,0.0,61.54285714285714,11.643243243243244,0,0,2,0.4031746031746032,1
430,Female,31,New York,Gold,1160.6,15,4.5,1,35,Satisfied,3,2.0,77.37333333333332,37.43870967741936,0,1,8,0.6777777777777777,2
431,Male,35,Los Angeles,Silver,820.9,12,4.3,0,20,Neutral,2,1.0,68.40833333333333,23.454285714285717,1,1,9,0.573015873015873,3
432,Female,41,Chicago,Bronze,495.25,9,3.6,1,47,Unsatisfied,1,0.0,55.02777777777778,12.079268292682928,0,0,2,0.2015873015873016,1
433,Male,28,San Francisco,Gold,1490.1,21,4.9,0,11,Satisfied,3,2.0,70.95714285714286,53.21785714285714,1,1,13,0.8301587301587301,2
434,Male,32,Miami,Silver,660.3,10,3.8,1,41,Unsatisfied,1,1.0,66.03,20.634375,0,0,3,0.3396825396825396,3
435,Female,36,Houston,Bronze,440.5,8,3.1,0,28,Neutral,2,0.0,55.0625,12.23611111111111,1,0,2,0.4222222222222222,1
436,Female,30,New York,Gold,1200.8,16,4.7,1,28,Satisfied,3,2.0,75.05,40.02666666666666,1,1,9,0.7222222222222222,2
437,Male,34,Los Angeles,Silver,780.2,11,4.1,0,19,Neutral,2,1.0,70.92727272727274,22.947058823529414,1,0,7,0.5793650793650793,3
438,Female,43,Chicago,Bronze,505.75,10,3.3,1,48,Unsatisfied,1,0.0,50.575,11.761627906976743,0,0,3,0.1952380952380952,1
439,Male,30,San Francisco,Gold,1460.5,20,4.8,0,15,Satisfied,3,2.0,73.025,48.68333333333333,1,1,12,0.8047619047619048,2
440,Male,27,Miami,Silver,710.4,13,4.1,1,63,Unsatisfied,1,1.0,54.64615384615384,26.31111111111111,0,0,5,0.1999999999999999,3
441,Female,37,Houston,Bronze,450.8,7,3.4,0,32,Neutral,2,0.0,64.4,12.183783783783785,0,0,2,0.3968253968253968,1
442,Female,31,New York,Gold,1140.6,15,4.5,1,36,Satisfied,3,2.0,76.03999999999999,36.79354838709677,0,1,8,0.6714285714285714,2
443,Male,35,Los Angeles,Silver,800.9,12,4.1,0,20,Neutral,2,1.0,66.74166666666666,22.88285714285714,1,1,8,0.573015873015873,3
444,Female,41,Chicago,Bronze,475.25,9,3.6,1,48,Unsatisfied,1,0.0,52.80555555555556,11.591463414634148,0,0,1,0.1952380952380952,1
445,Male,28,San Francisco,Gold,1480.1,21,4.9,0,13,Satisfied,3,2.0,70.48095238095237,52.86071428571428,1,1,13,0.8174603174603174,2
446,Male,32,Miami,Silver,660.3,10,3.8,1,42,Unsatisfied,1,1.0,66.03,20.634375,0,0,3,0.3333333333333333,3
447,Female,36,Houston,Bronze,470.5,8,3.0,0,27,Neutral,2,0.0,58.8125,13.069444444444445,1,0,3,0.4285714285714285,1
448,Female,30,New York,Gold,1190.8,16,4.5,1,28,Satisfied,3,2.0,74.425,39.693333333333335,1,1,8,0.7222222222222222,2
449,Male,34,Los Angeles,Silver,780.2,11,4.2,0,21,Neutral,2,1.0,70.92727272727274,22.947058823529414,1,0,6,0.5666666666666667,3
450,Female,43,Chicago,Bronze,515.75,10,3.3,1,49,Unsatisfied,1,0.0,51.575,11.994186046511627,0,0,3,0.1888888888888888,1
10000,Female,35,Miami,Bronze,1190.8,12,4.5,1,29,Satisfied,3,0.0,99.23333333333332,34.02285714285714,1,1,7,0.5158730158730159,0
10001,Male,35,Miami,Bronze,440.5,13,4.2,0,13,Unsatisfied,1,0.0,33.88461538461539,12.585714285714284,1,0,7,0.4174603174603175,3
10002,Female,31,Houston,Gold,520.4,16,3.4,1,13,Neutral,2,2.0,32.525,16.787096774193547,1,0,9,0.7174603174603175,3
10003,Male,36,Houston,Gold,1190.8,21,3.0,1,13,Satisfied,3,2.0,56.7047619047619,33.077777777777776,1,1,12,0.8174603174603174,2
10004,Male,37,Miami,Silver,1190.8,10,3.2,1,38,Satisfied,3,1.0,119.08,32.18378378378378,0,1,6,0.5587301587301587,0
10005,Male,43,Los Angeles,Silver,1160.6,9,4.5,1,23,Neutral,2,1.0,128.95555555555555,26.9906976744186,1,1,6,0.5539682539682539,0
10006,Female,37,New York,Gold,710.4,10,4.6,0,47,Neutral,2,2.0,71.03999999999999,19.2,0,0,4,0.5015873015873016,1
10007,Female,37,San Francisco,Silver,700.4,14,3.3,1,37,Satisfied,3,1.0,50.02857142857143,18.92972972972973,0,0,7,0.5650793650793651,3
10008,Female,37,San Francisco,Silver,430.8,10,4.6,1,14,Neutral,2,1.0,43.08,11.643243243243244,1,0,6,0.611111111111111,1
10009,Female,34,New York,Silver,1160.6,11,4.0,1,32,Neutral,2,1.0,105.5090909090909,34.13529411764706,0,1,6,0.4968253968253968,0
10010,Female,33,Miami,Bronze,1160.6,10,3.1,0,54,Unsatisfied,1,0.0,116.06,35.169696969696965,0,1,5,0.1571428571428571,0
10011,Female,30,Miami,Bronze,1120.2,16,4.5,1,50,Unsatisfied,1,0.0,70.0125,37.34,0,1,7,0.1825396825396825,3
10012,Female,33,Houston,Gold,1370.2,11,4.2,1,13,Neutral,2,2.0,124.56363636363636,41.52121212121212,1,1,10,0.7174603174603175,0
10013,Male,34,Chicago,Bronze,800.2,15,4.7,0,21,Neutral,2,0.0,53.34666666666667,23.53529411764706,1,1,8,0.4666666666666667,3
10014,Female,30,New York,Silver,520.4,18,4.9,0,10,Neutral,2,1.0,28.91111111111111,17.346666666666668,1,0,10,0.6365079365079365,3
10015,Female,37,Los Angeles,Gold,780.9,10,3.5,0,40,Neutral,2,2.0,78.09,21.105405405405406,0,1,4,0.546031746031746,1
10016,Male,36,New York,Bronze,830.75,16,4.1,1,19,Unsatisfied,1,0.0,51.921875,23.07638888888889,1,1,10,0.3793650793650793,3
10017,Male,32,Miami,Bronze,1490.1,8,4.5,1,54,Unsatisfied,1,0.0,186.2625,46.565625,0,1,5,0.1571428571428571,0
10018,Female,42,Chicago,Gold,430.8,10,3.6,0,25,Satisfied,3,2.0,43.08,10.257142857142858,1,0,4,0.7412698412698413,1
10019,Female,31,Chicago,Gold,485.25,11,4.6,0,13,Unsatisfied,1,2.0,44.11363636363637,15.653225806451612,1,0,6,0.6174603174603175,3
10020,Male,41,New York,Gold,1490.1,7,3.1,1,40,Unsatisfied,1,2.0,212.87142857142857,36.34390243902439,0,1,5,0.446031746031746,0
10021,Female,32,Houston,Bronze,520.4,16,4.1,0,24,Unsatisfied,1,0.0,32.525,16.2625,1,0,7,0.3476190476190476,3
10022,Male,27,New York,Silver,1420.8,11,3.1,0,27,Neutral,2,1.0,129.16363636363636,52.62222222222222,1,1,8,0.5285714285714286,0
10023,Female,30,Chicago,Gold,1180.8,16,4.8,1,60,Unsatisfied,1,2.0,73.8,39.36,0,1,7,0.319047619047619,3
10024,Female,30,San Francisco,Bronze,1160.3,19,3.3,1,33,Satisfied,3,0.0,61.06842105263158,38.67666666666666,0,1,9,0.4904761904761904,2
10025,Female,28,Los Angeles,Bronze,430.8,11,4.6,1,53,Unsatisfied,1,0.0,39.16363636363637,15.385714285714286,0,0,2,0.1634920634920634,3
10026,Male,37,Los Angeles,Bronze,830.75,8,3.4,0,10,Unsatisfied,1,0.0,103.84375,22.4527027027027,1,1,8,0.4365079365079365,0
10027,Male,42,Miami,Silver,690.3,7,3.1,1,10,Unsatisfied,1,1.0,98.61428571428571,16.435714285714283,1,0,6,0.5365079365079365,1
10028,Female,30,Chicago,Bronze,450.8,11,4.5,1,58,Satisfied,3,0.0,40.98181818181818,15.026666666666667,0,0,2,0.3317460317460317,3
10029,Female,41,Los Angeles,Bronze,430.8,15,4.0,0,31,Neutral,2,0.0,28.72,10.507317073170732,0,0,5,0.4031746031746032,1
10030,Male,31,San Francisco,Bronze,1460.5,13,4.8,0,22,Unsatisfied,1,0.0,112.34615384615384,47.11290322580645,1,1,9,0.3603174603174603,0
10031,Male,32,San Francisco,Gold,1190.8,7,3.1,1,46,Unsatisfied,1,2.0,170.1142857142857,37.2125,0,1,4,0.4079365079365079,0
10032,Female,31,Houston,Bronze,710.4,20,4.0,1,21,Satisfied,3,0.0,35.52,22.916129032258063,1,0,9,0.5666666666666667,3
10033,Male,35,Houston,Bronze,1180.8,12,3.0,0,19,Unsatisfied,1,0.0,98.4,33.73714285714286,1,1,9,0.3793650793650793,0
10034,Female,27,Chicago,Gold,420.8,13,4.5,1,18,Neutral,2,2.0,32.36923076923077,15.585185185185184,1,0,6,0.6857142857142857,3
10035,Male,33,Chicago,Silver,1460.5,16,3.4,0,17,Satisfied,3,1.0,91.28125,44.25757575757576,1,1,11,0.692063492063492,2
10036,Female,34,Houston,Bronze,1160.3,18,3.1,1,24,Unsatisfied,1,0.0,64.46111111111111,34.12647058823529,1,1,10,0.3476190476190476,2
10037,Male,31,Chicago,Bronze,1190.8,7,3.3,0,12,Unsatisfied,1,0.0,170.1142857142857,38.41290322580645,1,1,8,0.4238095238095238,0
10038,Male,32,Los Angeles,Silver,485.25,12,3.4,0,11,Neutral,2,1.0,40.4375,15.1640625,1,0,7,0.6301587301587301,3
10039,Female,30,Chicago,Bronze,1140.6,8,4.9,0,41,Neutral,2,0.0,142.575,38.02,0,1,4,0.3396825396825397,0
10040,Male,37,San Francisco,Bronze,485.25,20,4.5,1,41,Satisfied,3,0.0,24.2625,13.114864864864863,0,0,5,0.4396825396825397,3
10041,Male,32,Miami,Bronze,410.8,15,3.8,0,27,Unsatisfied,1,0.0,27.386666666666667,12.8375,1,0,6,0.3285714285714285,3
10042,Female,32,San Francisco,Gold,1200.8,11,4.4,1,23,Neutral,2,2.0,109.16363636363636,37.525,1,1,8,0.6539682539682539,0
10043,Female,29,Miami,Gold,660.3,18,3.6,0,15,Unsatisfied,1,2.0,36.68333333333333,22.768965517241377,1,0,9,0.6047619047619047,3
10044,Male,29,Miami,Gold,485.25,15,4.9,0,24,Satisfied,3,2.0,32.35,16.732758620689655,1,0,6,0.7476190476190476,3
10045,Female,36,New York,Silver,670.3,10,3.6,1,25,Unsatisfied,1,1.0,67.03,18.619444444444444,1,0,5,0.4412698412698412,1
10046,Male,28,Miami,Silver,1150.6,16,4.5,1,23,Satisfied,3,1.0,71.9125,41.09285714285714,1,1,9,0.653968253968254,2
10047,Male,31,Los Angeles,Silver,800.2,16,4.5,0,11,Unsatisfied,1,1.0,50.0125,25.81290322580645,1,1,10,0.5301587301587302,3
10048,Female,37,Chicago,Bronze,670.3,18,4.3,0,23,Unsatisfied,1,0.0,37.23888888888889,18.116216216216216,1,0,8,0.3539682539682539,3
10049,Female,36,Chicago,Gold,800.2,8,3.0,1,27,Neutral,2,2.0,100.025,22.227777777777774,1,1,5,0.6285714285714286,3
10050,Male,32,Houston,Silver,500.75,11,3.2,0,26,Unsatisfied,1,1.0,45.52272727272727,15.6484375,1,0,5,0.4349206349206349,3
10051,Female,34,San Francisco,Silver,1190.8,15,4.7,0,22,Neutral,2,1.0,79.38666666666667,35.023529411764706,1,1,9,0.5603174603174603,2
10052,Female,30,Los Angeles,Bronze,670.3,15,3.9,0,16,Neutral,2,0.0,44.68666666666666,22.34333333333333,1,0,8,0.4984126984126984,3
10053,Male,43,Los Angeles,Silver,770.2,16,3.7,1,10,Unsatisfied,1,1.0,48.1375,17.911627906976744,1,0,10,0.5365079365079365,3
10054,Male,36,Chicago,Bronze,700.4,9,3.3,0,39,Satisfied,3,0.0,77.82222222222222,19.45555555555556,0,0,4,0.4523809523809524,1
10055,Female,28,Miami,Gold,1500.1,20,3.6,1,37,Satisfied,3,2.0,75.005,53.575,0,1,10,0.665079365079365,2
10056,Male,30,Chicago,Gold,500.75,9,4.8,1,39,Neutral,2,2.0,55.638888888888886,16.691666666666666,0,0,3,0.5523809523809523,3
10057,Female,27,San Francisco,Gold,800.2,9,4.2,1,19,Satisfied,3,2.0,88.91111111111111,29.63703703703704,1,1,6,0.7793650793650793,3
10058,Female,35,New York,Gold,800.2,9,3.1,0,15,Satisfied,3,2.0,88.91111111111111,22.862857142857145,1,1,6,0.8047619047619048,3
10059,Female,37,Chicago,Bronze,1140.6,13,3.4,1,40,Unsatisfied,1,0.0,87.73846153846154,30.827027027027025,0,1,6,0.246031746031746,3
10060,Male,38,Houston,Bronze,780.9,9,3.1,0,40,Neutral,2,0.0,86.76666666666667,20.55,0,1,3,0.346031746031746,1
10061,Male,27,Chicago,Gold,440.8,18,3.8,0,15,Neutral,2,2.0,24.48888888888889,16.325925925925926,1,0,8,0.7047619047619047,3
10062,Female,43,San Francisco,Bronze,1370.2,10,4.1,1,12,Unsatisfied,1,0.0,137.02,31.865116279069767,1,1,10,0.4238095238095238,0
10063,Female,43,Chicago,Silver,485.25,18,3.3,1,26,Neutral,2,1.0,26.95833333333333,11.284883720930232,1,0,7,0.5349206349206349,1
10064,Female,30,Los Angeles,Silver,1190.8,7,4.2,0,39,Satisfied,3,1.0,170.1142857142857,39.693333333333335,0,1,5,0.5523809523809524,0
10065,Female,37,Chicago,Bronze,430.8,9,4.9,1,25,Neutral,2,0.0,47.86666666666667,11.643243243243244,1,0,3,0.4412698412698412,1
10066,Male,28,Chicago,Gold,1140.6,12,3.8,1,54,Satisfied,3,2.0,95.05,40.73571428571428,0,1,6,0.5571428571428572,3
10067,Female,34,San Francisco,Silver,470.5,12,3.0,1,32,Neutral,2,1.0,39.208333333333336,13.838235294117649,0,0,4,0.4968253968253968,3
10068,Female,30,Miami,Gold,505.75,10,3.8,0,24,Satisfied,3,2.0,50.575,16.858333333333334,1,0,5,0.7476190476190476,3
10069,Male,37,Chicago,Bronze,440.9,11,4.2,1,40,Satisfied,3,0.0,40.08181818181818,11.916216216216217,0,0,2,0.446031746031746,1
10070,Male,31,Chicago,Bronze,710.4,9,3.9,1,54,Satisfied,3,0.0,78.93333333333334,22.916129032258063,0,0,3,0.3571428571428571,3
10071,Female,32,Houston,Gold,800.9,21,4.7,1,50,Satisfied,3,2.0,38.13809523809524,25.028125,0,1,7,0.5825396825396826,3
10072,Male,30,Houston,Silver,1140.6,7,4.8,0,37,Unsatisfied,1,1.0,162.94285714285712,38.02,0,1,5,0.365079365079365,0
10073,Female,30,Houston,Bronze,780.2,10,4.7,0,12,Unsatisfied,1,0.0,78.02000000000001,26.006666666666668,1,0,8,0.4238095238095238,3
10074,Male,29,San Francisco,Gold,430.8,13,3.1,0,17,Neutral,2,2.0,33.13846153846154,14.855172413793104,1,0,6,0.692063492063492,3
10075,Male,33,San Francisco,Bronze,660.3,14,4.8,1,39,Neutral,2,0.0,47.16428571428571,20.009090909090908,0,0,6,0.3523809523809523,3
10076,Female,30,Houston,Silver,1490.1,13,3.8,0,54,Satisfied,3,1.0,114.62307692307692,49.67,0,1,7,0.4571428571428571,0
10077,Female,42,Chicago,Gold,1180.8,18,4.7,1,19,Unsatisfied,1,2.0,65.6,28.114285714285717,1,1,11,0.5793650793650793,2
10078,Male,32,Los Angeles,Bronze,440.9,8,4.1,1,54,Unsatisfied,1,0.0,55.1125,13.778125,0,0,1,0.1571428571428571,1
10079,Female,28,Miami,Bronze,1470.5,15,4.7,0,54,Neutral,2,0.0,98.03333333333332,52.517857142857146,0,1,8,0.2571428571428571,0
10080,Female,27,New York,Bronze,680.3,9,3.2,0,32,Satisfied,3,0.0,75.58888888888889,25.196296296296296,0,0,3,0.4968253968253968,3
10081,Female,30,Chicago,Gold,660.3,8,4.2,1,19,Neutral,2,2.0,82.5375,22.01,1,0,5,0.6793650793650793,3
10082,Male,41,Houston,Silver,1370.2,13,3.9,1,13,Neutral,2,1.0,105.4,33.41951219512195,1,1,11,0.6174603174603175,0
10083,Male,32,New York,Gold,480.25,21,4.9,0,13,Satisfied,3,2.0,22.86904761904762,15.0078125,1,0,9,0.8174603174603174,2
10084,Male,34,Los Angeles,Bronze,1140.6,8,4.8,0,11,Satisfied,3,0.0,142.575,33.54705882352941,1,1,8,0.6301587301587301,0
10085,Male,30,Houston,Silver,480.25,9,4.3,0,40,Neutral,2,1.0,53.36111111111112,16.008333333333333,0,0,1,0.446031746031746,3
10086,Male,34,Houston,Bronze,495.25,16,4.5,0,18,Satisfied,3,0.0,30.953125,14.566176470588236,1,0,8,0.5857142857142857,3
10087,Female,36,New York,Gold,800.2,10,3.6,0,20,Satisfied,3,2.0,80.02000000000001,22.227777777777774,1,1,7,0.7730158730158729,3
10088,Male,30,San Francisco,Silver,480.5,20,3.0,0,23,Neutral,2,1.0,24.025,16.016666666666666,1,0,7,0.5539682539682539,3
10089,Female,27,San Francisco,Gold,1190.8,13,4.0,0,54,Neutral,2,2.0,91.6,44.1037037037037,0,1,6,0.4571428571428571,3
10090,Female,31,Los Angeles,Gold,495.25,10,3.1,0,53,Neutral,2,2.0,49.525,15.975806451612904,0,0,3,0.4634920634920634,3
10091,Male,31,Miami,Silver,1460.5,20,4.0,1,32,Neutral,2,1.0,73.025,47.11290322580645,0,1,10,0.4968253968253968,2
10092,Female,31,Chicago,Gold,660.3,15,3.8,0,21,Unsatisfied,1,2.0,44.02,21.3,1,0,7,0.5666666666666667,3
10093,Male,36,Houston,Bronze,1470.5,7,4.7,1,19,Neutral,2,0.0,210.07142857142856,40.84722222222222,1,1,8,0.4793650793650793,0
10094,Male,30,Los Angeles,Bronze,500.75,9,4.7,0,39,Neutral,2,0.0,55.638888888888886,16.691666666666666,0,0,3,0.3523809523809523,3
10095,Male,43,Houston,Bronze,1460.5,9,3.8,0,33,Unsatisfied,1,0.0,162.27777777777777,33.96511627906977,0,1,6,0.2904761904761904,0
10096,Female,43,Chicago,Bronze,1460.5,12,4.7,0,22,Satisfied,3,0.0,121.70833333333331,33.96511627906977,1,1,9,0.5603174603174603,0
10097,Female,32,New York,Silver,480.25,12,4.4,0,39,Unsatisfied,1,1.0,40.020833333333336,15.0078125,0,0,4,0.3523809523809523,3
10098,Male,30,New York,Gold,420.8,12,3.4,1,53,Unsatisfied,1,2.0,35.06666666666667,14.026666666666667,0,0,3,0.3634920634920634,3
10099,Female,38,Los Angeles,Gold,690.6,7,4.8,1,22,Neutral,2,2.0,98.65714285714286,18.17368421052632,1,0,4,0.6603174603174603,1
10100,Male,32,Los Angeles,Silver,495.25,20,4.2,1,30,Unsatisfied,1,1.0,24.7625,15.4765625,0,0,7,0.4095238095238095,3
10101,Female,32,New York,Silver,430.8,10,4.9,0,13,Unsatisfied,1,1.0,43.08,13.4625,1,0,6,0.5174603174603175,3
10102,Male,42,New York,Silver,1480.3,20,4.5,1,15,Neutral,2,1.0,74.015,35.24523809523809,1,1,12,0.6047619047619047,2
10103,Female,31,San Francisco,Gold,700.4,10,3.8,1,24,Satisfied,3,2.0,70.03999999999999,22.59354838709677,1,0,6,0.7476190476190476,3
10104,Female,34,New York,Silver,1200.8,16,4.2,1,32,Satisfied,3,1.0,75.05,35.317647058823525,0,1,9,0.5968253968253968,2
10105,Female,27,New York,Gold,1370.2,18,4.0,0,24,Satisfied,3,2.0,76.12222222222222,50.74814814814815,1,1,11,0.7476190476190476,2
10106,Male,34,Houston,Bronze,1460.5,13,3.1,1,19,Satisfied,3,0.0,112.34615384615384,42.95588235294117,1,1,10,0.5793650793650793,0
10107,Female,30,Chicago,Bronze,470.5,12,4.0,1,22,Unsatisfied,1,0.0,39.208333333333336,15.683333333333334,1,0,5,0.3603174603174603,3
10108,Female,36,Los Angeles,Silver,440.9,15,3.1,0,33,Unsatisfied,1,1.0,29.39333333333333,12.247222222222222,0,0,5,0.3904761904761904,3
10109,Male,30,Houston,Gold,1470.5,8,3.4,1,37,Neutral,2,2.0,183.8125,49.016666666666666,0,1,6,0.5650793650793651,0
10110,Female,36,New York,Bronze,1200.8,15,4.8,0,41,Neutral,2,0.0,80.05333333333333,33.355555555555554,0,1,8,0.3396825396825397,3
10111,Male,30,Los Angeles,Silver,430.8,8,4.4,0,14,Unsatisfied,1,1.0,53.85,14.36,1,0,5,0.5111111111111111,3
10112,Male,27,New York,Silver,410.8,16,4.1,0,26,Unsatisfied,1,1.0,25.675,15.214814814814815,1,0,6,0.4349206349206349,3
10113,Male,26,San Francisco,Bronze,1500.1,15,4.0,0,17,Neutral,2,0.0,100.00666666666666,57.69615384615384,1,1,11,0.4920634920634921,2
10114,Male,36,New York,Bronze,780.5,9,3.1,1,21,Satisfied,3,0.0,86.72222222222223,21.68055555555556,1,1,5,0.5666666666666667,3
10115,Female,34,Miami,Silver,440.9,9,4.0,0,43,Neutral,2,1.0,48.98888888888889,12.967647058823529,0,0,1,0.4269841269841269,1
10116,Male,33,San Francisco,Silver,515.75,16,4.1,0,22,Unsatisfied,1,1.0,32.234375,15.62878787878788,1,0,7,0.4603174603174603,3
10117,Male,36,Miami,Silver,660.3,21,3.3,0,20,Neutral,2,1.0,31.44285714285714,18.341666666666665,1,0,9,0.573015873015873,3
10118,Male,34,New York,Bronze,485.25,9,3.6,0,41,Satisfied,3,0.0,53.91666666666666,14.272058823529411,0,0,1,0.4396825396825397,1
10119,Female,32,San Francisco,Bronze,1490.1,8,4.5,1,41,Neutral,2,0.0,186.2625,46.565625,0,1,5,0.3396825396825397,0
10120,Female,31,Los Angeles,Silver,690.6,7,4.7,0,18,Unsatisfied,1,1.0,98.65714285714286,22.27741935483871,1,0,5,0.4857142857142857,3
10121,Male,43,Chicago,Bronze,1160.3,11,3.2,1,32,Satisfied,3,0.0,105.48181818181818,26.98372093023256,0,1,6,0.4968253968253968,0
10122,Male,36,Chicago,Gold,420.8,9,3.8,1,12,Unsatisfied,1,2.0,46.75555555555556,11.68888888888889,1,0,5,0.6238095238095238,1
10123,Female,28,Miami,Silver,460.9,13,4.1,1,52,Unsatisfied,1,1.0,35.45384615384615,16.460714285714285,0,0,3,0.2698412698412698,3
10124,Female,28,Los Angeles,Bronze,1480.1,16,3.0,0,47,Satisfied,3,0.0,92.50625,52.86071428571428,0,1,8,0.4015873015873016,2
10125,Male,30,New York,Bronze,820.9,12,3.6,1,47,Satisfied,3,0.0,68.40833333333333,27.363333333333333,0,1,6,0.4015873015873016,3
10126,Female,41,Los Angeles,Silver,790.2,21,4.7,0,16,Satisfied,3,1.0,37.62857142857143,19.27317073170732,1,1,10,0.6984126984126984,2
10127,Male,37,San Francisco,Gold,1180.8,8,3.1,0,54,Unsatisfied,1,2.0,147.6,31.91351351351351,0,1,4,0.3571428571428571,0
10128,Female,37,Los Angeles,Silver,480.25,16,4.3,0,34,Unsatisfied,1,1.0,30.015625,12.97972972972973,0,0,5,0.3841269841269841,3
10129,Female,37,Chicago,Bronze,520.4,11,4.5,0,14,Satisfied,3,0.0,47.309090909090905,14.064864864864864,1,0,7,0.6111111111111112,3
10130,Male,35,New York,Gold,710.4,13,4.8,0,19,Unsatisfied,1,2.0,54.64615384615384,20.297142857142852,1,0,8,0.5793650793650793,3
10131,Male,31,Los Angeles,Gold,690.4,7,4.5,0,14,Neutral,2,2.0,98.62857142857142,22.270967741935483,1,0,6,0.711111111111111,3
10132,Male,27,Houston,Bronze,1490.1,13,4.6,0,24,Satisfied,3,0.0,114.62307692307692,55.18888888888888,1,1,9,0.5476190476190477,0
10133,Female,32,New York,Gold,440.9,13,4.8,1,17,Unsatisfied,1,2.0,33.91538461538461,13.778125,1,0,6,0.5920634920634921,3
10134,Female,31,Chicago,Gold,690.3,18,3.3,0,10,Satisfied,3,2.0,38.35,22.26774193548387,1,0,10,0.8365079365079364,2
10135,Male,27,San Francisco,Bronze,1370.2,7,4.4,0,34,Unsatisfied,1,0.0,195.7428571428572,50.74814814814815,0,1,6,0.2841269841269841,0
10136,Female,35,Chicago,Bronze,1500.1,13,4.0,0,15,Neutral,2,0.0,115.39230769230768,42.86,1,1,10,0.5047619047619047,0
10137,Male,35,Chicago,Silver,1180.8,10,4.5,0,17,Unsatisfied,1,1.0,118.08,33.73714285714286,1,1,8,0.492063492063492,0
10138,Male,31,Los Angeles,Silver,1450.5,13,4.2,1,46,Satisfied,3,1.0,111.57692307692308,46.79032258064516,0,1,7,0.5079365079365079,0
10139,Female,32,New York,Bronze,460.5,9,3.6,0,18,Satisfied,3,0.0,51.16666666666666,14.390625,1,0,4,0.5857142857142857,3
10140,Male,27,New York,Bronze,1140.6,9,3.8,1,10,Satisfied,3,0.0,126.73333333333332,42.24444444444444,1,1,8,0.6365079365079365,0
10141,Female,32,Miami,Silver,440.9,21,4.9,0,41,Neutral,2,1.0,20.995238095238093,13.778125,0,0,5,0.4396825396825397,3
10142,Male,34,Los Angeles,Gold,1180.8,16,3.3,1,10,Satisfied,3,2.0,73.8,34.72941176470588,1,1,11,0.8365079365079364,2
10143,Male,29,Houston,Silver,440.9,9,3.1,0,26,Neutral,2,1.0,48.98888888888889,15.203448275862067,1,0,3,0.5349206349206349,3
10144,Female,43,Miami,Gold,690.6,11,4.5,1,21,Unsatisfied,1,2.0,62.78181818181818,16.06046511627907,1,0,5,0.5666666666666667,1
10145,Male,28,New York,Bronze,690.6,15,4.2,1,13,Neutral,2,0.0,46.04,24.664285714285715,1,0,9,0.5174603174603175,3
10146,Male,41,Chicago,Bronze,505.75,21,4.0,1,37,Neutral,2,0.0,24.08333333333333,12.335365853658535,0,0,7,0.365079365079365,3
10147,Female,32,Los Angeles,Gold,810.9,18,3.2,1,27,Satisfied,3,2.0,45.05,25.340625,1,1,9,0.7285714285714285,2
10148,Female,27,Houston,Silver,780.9,8,3.6,1,43,Unsatisfied,1,1.0,97.6125,28.92222222222222,0,1,3,0.3269841269841269,3
10149,Male,42,Miami,Bronze,1120.2,18,3.5,1,18,Neutral,2,0.0,62.23333333333333,26.67142857142857,1,1,11,0.4857142857142857,2
10150,Male,30,Miami,Bronze,440.9,21,3.4,0,17,Unsatisfied,1,0.0,20.995238095238093,14.696666666666664,1,0,8,0.392063492063492,3
10151,Female,30,Chicago,Bronze,710.4,10,3.5,1,24,Satisfied,3,0.0,71.03999999999999,23.68,1,0,6,0.5476190476190477,3
10152,Male,35,Los Angeles,Bronze,1370.2,9,3.9,0,18,Unsatisfied,1,0.0,152.24444444444444,39.14857142857143,1,1,8,0.3857142857142857,0
10153,Male,32,Los Angeles,Silver,1200.8,12,3.3,1,25,Satisfied,3,1.0,100.06666666666666,37.525,1,1,9,0.6412698412698413,0
10154,Female,28,New York,Silver,700.4,15,4.9,1,55,Unsatisfied,1,1.0,46.693333333333335,25.014285714285712,0,0,6,0.2507936507936508,3
10155,Male,31,Houston,Bronze,700.6,9,4.5,1,20,Unsatisfied,1,0.0,77.84444444444445,22.6,1,0,6,0.373015873015873,3
10156,Female,43,New York,Silver,1460.5,7,3.0,1,56,Satisfied,3,1.0,208.64285714285717,33.96511627906977,0,1,5,0.4444444444444444,0
10157,Female,36,Los Angeles,Silver,810.9,15,4.5,1,41,Unsatisfied,1,1.0,54.06,22.525,0,1,6,0.3396825396825396,3
10158,Female,38,Los Angeles,Gold,1180.8,9,4.0,0,15,Satisfied,3,2.0,131.2,31.073684210526316,1,1,7,0.8047619047619048,0
10159,Female,27,Houston,Silver,1370.2,9,3.6,1,10,Unsatisfied,1,1.0,152.24444444444444,50.74814814814815,1,1,9,0.5365079365079365,0
10160,Female,30,Miami,Gold,780.2,9,4.2,1,29,Neutral,2,2.0,86.6888888888889,26.006666666666668,1,0,4,0.6158730158730159,3
10161,Female,31,Houston,Gold,810.9,10,3.0,0,44,Satisfied,3,2.0,81.09,26.15806451612903,0,1,4,0.6206349206349207,3
10162,Male,31,Los Angeles,Bronze,1470.5,10,4.4,0,9,Unsatisfied,1,0.0,147.05,47.435483870967744,1,1,10,0.4428571428571429,0
10163,Female,37,New York,Bronze,420.8,10,4.1,1,19,Satisfied,3,0.0,42.08,11.372972972972974,1,0,5,0.5793650793650793,1
10164,Male,37,Chicago,Gold,780.9,17,4.5,0,21,Unsatisfied,1,2.0,45.93529411764706,21.105405405405406,1,1,9,0.5666666666666667,3
10165,Male,38,Los Angeles,Gold,500.75,11,4.8,1,34,Satisfied,3,2.0,45.52272727272727,13.177631578947368,0,0,4,0.6841269841269841,1
10166,Female,41,Los Angeles,Bronze,470.5,16,3.0,0,36,Neutral,2,0.0,29.40625,11.475609756097562,0,0,5,0.3714285714285714,1
10167,Male,36,Chicago,Silver,800.2,11,4.5,0,13,Satisfied,3,1.0,72.74545454545455,22.227777777777774,1,1,8,0.7174603174603175,3
10168,Female,43,New York,Gold,1450.5,9,4.0,1,11,Satisfied,3,2.0,161.16666666666666,33.73255813953488,1,1,9,0.8301587301587301,0
10169,Female,37,San Francisco,Gold,1190.8,10,4.6,0,54,Neutral,2,2.0,119.08,32.18378378378378,0,1,5,0.4571428571428571,0
10170,Male,36,Chicago,Gold,820.9,15,4.3,0,15,Unsatisfied,1,2.0,54.72666666666667,22.802777777777777,1,1,10,0.6047619047619047,3
10171,Male,32,San Francisco,Bronze,670.3,7,4.1,0,42,Unsatisfied,1,0.0,95.75714285714284,20.946875,0,0,2,0.2333333333333333,1
10172,Male,26,Los Angeles,Gold,470.5,10,3.9,0,11,Unsatisfied,1,2.0,47.05,18.096153846153847,1,0,6,0.6301587301587301,3
10173,Male,37,San Francisco,Bronze,800.2,10,3.4,1,25,Satisfied,3,0.0,80.02000000000001,21.62702702702703,1,1,6,0.5412698412698413,3
10174,Male,29,San Francisco,Silver,1160.3,15,3.4,0,12,Satisfied,3,1.0,77.35333333333332,40.0103448275862,1,1,11,0.7238095238095238,2
10175,Female,32,New York,Bronze,800.2,20,3.5,1,20,Neutral,2,0.0,40.010000000000005,25.00625,1,1,10,0.473015873015873,3
10176,Female,43,Chicago,Gold,1190.8,9,3.3,0,35,Satisfied,3,2.0,132.3111111111111,27.69302325581395,0,1,5,0.6777777777777777,0
10177,Male,37,Chicago,Silver,1450.5,21,4.3,0,28,Unsatisfied,1,1.0,69.07142857142857,39.2027027027027,1,1,10,0.4222222222222222,2
10178,Female,27,New York,Gold,430.8,12,4.1,0,27,Satisfied,3,2.0,35.9,15.955555555555556,1,0,5,0.7285714285714285,3
10179,Female,37,San Francisco,Gold,495.25,17,3.8,0,33,Satisfied,3,2.0,29.13235294117647,13.385135135135137,0,0,7,0.6904761904761905,3
10180,Male,41,Chicago,Silver,450.9,20,4.1,0,15,Satisfied,3,1.0,22.545,10.997560975609757,1,0,8,0.7047619047619048,3
10181,Female,27,Los Angeles,Bronze,790.2,9,4.5,0,18,Neutral,2,0.0,87.80000000000001,29.26666666666667,1,1,6,0.4857142857142857,3
10182,Male,41,San Francisco,Bronze,520.4,10,3.3,1,37,Satisfied,3,0.0,52.04,12.692682926829267,0,0,4,0.4650793650793651,1
10183,Male,30,Houston,Bronze,800.9,10,3.3,1,20,Satisfied,3,0.0,80.09,26.696666666666665,1,1,7,0.573015873015873,3
10184,Male,31,San Francisco,Silver,1460.5,11,4.8,0,22,Unsatisfied,1,1.0,132.77272727272728,47.11290322580645,1,1,8,0.4603174603174603,0
10185,Male,30,Los Angeles,Bronze,660.3,11,3.3,0,22,Satisfied,3,0.0,60.02727272727272,22.01,1,0,5,0.5603174603174603,3
10186,Female,35,Houston,Gold,690.6,21,3.9,1,26,Neutral,2,2.0,32.885714285714286,19.731428571428573,1,0,8,0.6349206349206349,3
10187,Male,30,Los Angeles,Silver,780.2,7,4.8,0,9,Unsatisfied,1,1.0,111.45714285714288,26.006666666666668,1,0,7,0.5428571428571429,0
10188,Female,37,Miami,Gold,1160.3,8,4.7,0,10,Unsatisfied,1,2.0,145.0375,31.35945945945946,1,1,8,0.6365079365079365,0
10189,Female,36,New York,Bronze,810.2,20,4.5,0,24,Unsatisfied,1,0.0,40.510000000000005,22.50555555555556,1,1,9,0.3476190476190476,3
10190,Female,34,Miami,Gold,420.8,9,4.7,0,58,Satisfied,3,2.0,46.75555555555556,12.376470588235296,0,0,1,0.5317460317460317,1
10191,Female,30,Los Angeles,Gold,710.4,13,4.5,1,19,Neutral,2,2.0,54.64615384615384,23.68,1,0,8,0.6793650793650793,3
10192,Male,36,Chicago,Bronze,1370.2,20,4.5,0,40,Satisfied,3,0.0,68.51,38.06111111111111,0,1,9,0.446031746031746,2
10193,Male,30,Chicago,Bronze,800.9,12,4.8,1,21,Neutral,2,0.0,66.74166666666666,26.696666666666665,1,1,7,0.4666666666666667,3
10194,Male,26,Miami,Gold,500.75,13,3.4,1,42,Satisfied,3,2.0,38.51923076923077,19.259615384615383,0,0,4,0.6333333333333333,3
10195,Female,35,Houston,Silver,800.2,20,4.5,1,11,Satisfied,3,1.0,40.010000000000005,22.862857142857145,1,1,11,0.7301587301587301,2
10196,Female,36,Houston,Bronze,1460.5,12,4.2,0,47,Unsatisfied,1,0.0,121.70833333333331,40.56944444444444,0,1,7,0.2015873015873016,0
10197,Male,26,San Francisco,Silver,800.2,12,3.6,1,11,Neutral,2,1.0,66.68333333333334,30.77692307692308,1,1,9,0.6301587301587301,3
10198,Female,28,San Francisco,Bronze,820.9,10,4.1,0,12,Satisfied,3,0.0,82.09,29.317857142857143,1,1,9,0.6238095238095238,3
10199,Male,28,Los Angeles,Silver,1490.1,11,4.5,0,14,Unsatisfied,1,1.0,135.46363636363637,53.21785714285714,1,1,10,0.5111111111111111,0
